"","year_built","zone","total_value","tax_district","area","parcel_id","bldg_value","land_value","deed_date","prior","tax_year","land_use_code","lci"
"1130","1962.000000","R2M",767400,"001",31979.056783,"00115164000",585700,181700,"2013-04-23T00:00:00","{ ""2009"": { ""zone"": ""R2M"", ""total_value"": 767400, ""tax_district"": ""001"", ""bldg_value"": 585700, ""land_value"": 181700, ""land_use_code"": ""SCHOOL"", ""lci"": ""Com"" }, ""2006"": { ""zone"": ""R2M"", ""total_value"": 767400, ""tax_district"": ""001"", ""bldg_value"": 585700, ""land_value"": 181700, ""land_use_code"": ""SCHOOL"", ""lci"": ""Com"" }, ""2012"": { ""zone"": ""R2M"", ""total_value"": 767400, ""tax_district"": ""001"", ""bldg_value"": 585700, ""land_value"": 181700, ""land_use_code"": ""SCHOOL"", ""lci"": ""Com"" } }","2014","SCHOOL","Com"
"1260","1966.000000","R2M",346000,"001",26822.149449,"00116309000",186100,159900,"1995-08-09T00:00:00","{ ""2009"": { ""zone"": ""R2M"", ""total_value"": 346000, ""tax_district"": ""001"", ""bldg_value"": 186100, ""land_value"": 159900, ""land_use_code"": ""DAY CARE CENTER"", ""lci"": ""Com"" }, ""2006"": { ""zone"": ""R2M"", ""total_value"": 346000, ""tax_district"": ""001"", ""bldg_value"": 186100, ""land_value"": 159900, ""land_use_code"": ""DAY CARE CENTER"", ""lci"": ""Com"" }, ""2012"": { ""zone"": ""R2M"", ""total_value"": 346000, ""tax_district"": ""001"", ""bldg_value"": 186100, ""land_value"": 159900, ""land_use_code"": ""DAY CARE CENTER"", ""lci"": ""Com"" } }","2014","DAY CARE CENTER","Com"
"2592","1959.000000","B3",0,"001",17102.60312,"00125261000",0,0,"1994-05-06T00:00:00","{ ""2009"": { ""zone"": ""B3"", ""total_value"": 0, ""tax_district"": ""001"", ""bldg_value"": 0, ""land_value"": 0, ""land_use_code"": ""SCHOOL"", ""lci"": ""Com"" }, ""2006"": { ""zone"": ""B3"", ""total_value"": 0, ""tax_district"": ""001"", ""bldg_value"": 0, ""land_value"": 0, ""land_use_code"": ""SCHOOL"", ""lci"": ""Com"" }, ""2012"": { ""zone"": ""B3"", ""total_value"": 0, ""tax_district"": ""001"", ""bldg_value"": 0, ""land_value"": 0, ""land_use_code"": ""SCHOOL"", ""lci"": ""Com"" } }","2014","SCHOOL","Com"
"2897",NA,"PLI-P",0,"001",243120.102228,"00204620000",0,0,NA,"{ ""2009"": { ""zone"": ""PLI-P"", ""total_value"": 0, ""tax_district"": ""001"", ""bldg_value"": 0, ""land_value"": 0, ""land_use_code"": ""SCHOOL"", ""lci"": ""Res"" }, ""2006"": { ""zone"": ""PLI-P"", ""total_value"": 0, ""tax_district"": ""001"", ""bldg_value"": 0, ""land_value"": 0, ""land_use_code"": ""SCHOOL"", ""lci"": ""Res"" }, ""2012"": { ""zone"": ""PLI-P"", ""total_value"": 0, ""tax_district"": ""001"", ""bldg_value"": 0, ""land_value"": 0, ""land_use_code"": ""SCHOOL"", ""lci"": ""Res"" } }","2014","SCHOOL","Res"
"3010","1915.000000","PLI-P",0,"001",43862.070059,"00208303000",0,0,NA,"{ ""2009"": { ""zone"": ""PLI-P"", ""total_value"": 0, ""tax_district"": ""001"", ""bldg_value"": 0, ""land_value"": 0, ""land_use_code"": ""SCHOOL"", ""lci"": ""Com"" }, ""2006"": { ""zone"": ""PLI-P"", ""total_value"": 0, ""tax_district"": ""001"", ""bldg_value"": 0, ""land_value"": 0, ""land_use_code"": ""SCHOOL"", ""lci"": ""Com"" }, ""2012"": { ""zone"": ""PLI-P"", ""total_value"": 0, ""tax_district"": ""001"", ""bldg_value"": 0, ""land_value"": 0, ""land_use_code"": ""SCHOOL"", ""lci"": ""Com"" } }","2014","SCHOOL","Com"
"3156","1990.000000","B2C",0,"001",11410.7094,"00209266000",0,0,"2012-10-01T00:00:00","{ ""2009"": { ""zone"": ""B2C"", ""total_value"": 0, ""tax_district"": ""001"", ""bldg_value"": 0, ""land_value"": 0, ""land_use_code"": ""DAY CARE CENTER"", ""lci"": ""Com"" }, ""2006"": { ""zone"": ""B2C"", ""total_value"": 0, ""tax_district"": ""001"", ""bldg_value"": 0, ""land_value"": 0, ""land_use_code"": ""DAY CARE CENTER"", ""lci"": ""Com"" }, ""2012"": { ""zone"": ""B2C"", ""total_value"": 0, ""tax_district"": ""001"", ""bldg_value"": 0, ""land_value"": 0, ""land_use_code"": ""DAY CARE CENTER"", ""lci"": ""Com"" } }","2014","DAY CARE CENTER","Com"
"3513","2006.000000","B2C",2824001,"001",21000.01204,"00211273000",1698900,1156700,"2006-08-14T00:00:00","{ ""2009"": { ""zone"": ""B2C"", ""total_value"": 2824001, ""tax_district"": ""001"", ""bldg_value"": 1698900, ""land_value"": 1156700, ""land_use_code"": ""DAY CARE CENTER"", ""lci"": ""Com"" }, ""2006"": { ""zone"": ""B2C"", ""total_value"": 2824001, ""tax_district"": ""001"", ""bldg_value"": 1698900, ""land_value"": 1156700, ""land_use_code"": ""DAY CARE CENTER"", ""lci"": ""Com"" }, ""2012"": { ""zone"": ""B2C"", ""total_value"": 2824001, ""tax_district"": ""001"", ""bldg_value"": 1698900, ""land_value"": 1156700, ""land_use_code"": ""DAY CARE CENTER"", ""lci"": ""Com"" } }","2014","DAY CARE CENTER","Com"
"3869","2002.000000","PLI",0,"001",198454.452802,"00213531000",0,0,NA,"{ ""2009"": { ""zone"": ""PLI"", ""total_value"": 0, ""tax_district"": ""001"", ""bldg_value"": 0, ""land_value"": 0, ""land_use_code"": ""SCHOOL"", ""lci"": ""Com"" }, ""2006"": { ""zone"": ""PLI"", ""total_value"": 0, ""tax_district"": ""001"", ""bldg_value"": 0, ""land_value"": 0, ""land_use_code"": ""SCHOOL"", ""lci"": ""Com"" }, ""2012"": { ""zone"": ""PLI"", ""total_value"": 0, ""tax_district"": ""001"", ""bldg_value"": 0, ""land_value"": 0, ""land_use_code"": ""SCHOOL"", ""lci"": ""Com"" } }","2014","SCHOOL","Com"
"4769","1985.000000","PLI",0,"001",482947.08888,"00219512000",0,0,NA,"{ ""2009"": { ""zone"": ""PLI"", ""total_value"": 0, ""tax_district"": ""001"", ""bldg_value"": 0, ""land_value"": 0, ""land_use_code"": ""SCHOOL"", ""lci"": ""Com"" }, ""2006"": { ""zone"": ""PLI"", ""total_value"": 0, ""tax_district"": ""001"", ""bldg_value"": 0, ""land_value"": 0, ""land_use_code"": ""SCHOOL"", ""lci"": ""Com"" }, ""2012"": { ""zone"": ""PLI"", ""total_value"": 0, ""tax_district"": ""001"", ""bldg_value"": 0, ""land_value"": 0, ""land_use_code"": ""SCHOOL"", ""lci"": ""Com"" } }","2014","SCHOOL","Com"
"5065","1960.000000","R4",0,"001",33343.712871,"00302206000",0,0,"1982-03-24T00:00:00","{ ""2009"": { ""zone"": ""R4"", ""total_value"": 0, ""tax_district"": ""001"", ""bldg_value"": 0, ""land_value"": 0, ""land_use_code"": ""DAY CARE CENTER"", ""lci"": ""Com"" }, ""2006"": { ""zone"": ""R4"", ""total_value"": 0, ""tax_district"": ""001"", ""bldg_value"": 0, ""land_value"": 0, ""land_use_code"": ""DAY CARE CENTER"", ""lci"": ""Com"" }, ""2012"": { ""zone"": ""R4"", ""total_value"": 0, ""tax_district"": ""001"", ""bldg_value"": 0, ""land_value"": 0, ""land_use_code"": ""DAY CARE CENTER"", ""lci"": ""Com"" } }","2014","DAY CARE CENTER","Com"
"5564","1997.000000","PLI",0,"001",238296.100948,"00311176000",0,0,NA,"{ ""2009"": { ""zone"": ""PLI"", ""total_value"": 0, ""tax_district"": ""001"", ""bldg_value"": 0, ""land_value"": 0, ""land_use_code"": ""SCHOOL"", ""lci"": ""Com"" }, ""2006"": { ""zone"": ""PLI"", ""total_value"": 0, ""tax_district"": ""001"", ""bldg_value"": 0, ""land_value"": 0, ""land_use_code"": ""SCHOOL"", ""lci"": ""Com"" }, ""2012"": { ""zone"": ""PLI"", ""total_value"": 0, ""tax_district"": ""001"", ""bldg_value"": 0, ""land_value"": 0, ""land_use_code"": ""SCHOOL"", ""lci"": ""Com"" } }","2014","SCHOOL","Com"
"6040","1974.000000","R3",0,"001",11238.301443,"00315123000",0,0,"2000-12-14T00:00:00","{ ""2009"": { ""zone"": ""R3"", ""total_value"": 0, ""tax_district"": ""001"", ""bldg_value"": 0, ""land_value"": 0, ""land_use_code"": ""DAY CARE CENTER"", ""lci"": ""Com"" }, ""2006"": { ""zone"": ""R3"", ""total_value"": 0, ""tax_district"": ""001"", ""bldg_value"": 0, ""land_value"": 0, ""land_use_code"": ""DAY CARE CENTER"", ""lci"": ""Com"" }, ""2012"": { ""zone"": ""R3"", ""total_value"": 0, ""tax_district"": ""001"", ""bldg_value"": 0, ""land_value"": 0, ""land_use_code"": ""DAY CARE CENTER"", ""lci"": ""Com"" } }","2014","DAY CARE CENTER","Com"
"6874","1980.000000","PLI",0,"001",469896.949915,"00320401000",0,0,NA,"{ ""2009"": { ""zone"": ""PLI"", ""total_value"": 0, ""tax_district"": ""001"", ""bldg_value"": 0, ""land_value"": 0, ""land_use_code"": ""SCHOOL"", ""lci"": ""Com"" }, ""2006"": { ""zone"": ""PLI"", ""total_value"": 0, ""tax_district"": ""001"", ""bldg_value"": 0, ""land_value"": 0, ""land_use_code"": ""SCHOOL"", ""lci"": ""Com"" }, ""2012"": { ""zone"": ""PLI"", ""total_value"": 0, ""tax_district"": ""001"", ""bldg_value"": 0, ""land_value"": 0, ""land_use_code"": ""SCHOOL"", ""lci"": ""Com"" } }","2014","SCHOOL","Com"
"8541","1985.000000","PLI",0,"001",358932.196649,"00411104000",0,0,NA,"{ ""2009"": { ""zone"": ""PLI"", ""total_value"": 0, ""tax_district"": ""001"", ""bldg_value"": 0, ""land_value"": 0, ""land_use_code"": ""SCHOOL"", ""lci"": ""Com"" }, ""2006"": { ""zone"": ""PLI"", ""total_value"": 0, ""tax_district"": ""001"", ""bldg_value"": 0, ""land_value"": 0, ""land_use_code"": ""SCHOOL"", ""lci"": ""Com"" }, ""2012"": { ""zone"": ""PLI"", ""total_value"": 0, ""tax_district"": ""001"", ""bldg_value"": 0, ""land_value"": 0, ""land_use_code"": ""SCHOOL"", ""lci"": ""Com"" } }","2014","SCHOOL","Com"
"9834","1973.000000","PLI",0,"001",250491.32363,"00417118000",0,0,NA,"{ ""2009"": { ""zone"": ""PLI"", ""total_value"": 0, ""tax_district"": ""001"", ""bldg_value"": 0, ""land_value"": 0, ""land_use_code"": ""SCHOOL"", ""lci"": ""Com"" }, ""2006"": { ""zone"": ""PLI"", ""total_value"": 0, ""tax_district"": ""001"", ""bldg_value"": 0, ""land_value"": 0, ""land_use_code"": ""SCHOOL"", ""lci"": ""Com"" }, ""2012"": { ""zone"": ""PLI"", ""total_value"": 0, ""tax_district"": ""001"", ""bldg_value"": 0, ""land_value"": 0, ""land_use_code"": ""SCHOOL"", ""lci"": ""Com"" } }","2014","SCHOOL","Com"
"9844","1960.000000","PLI",0,"001",774363.182087,"00418101000",0,0,NA,"{ ""2009"": { ""zone"": ""PLI"", ""total_value"": 0, ""tax_district"": ""001"", ""bldg_value"": 0, ""land_value"": 0, ""land_use_code"": ""SCHOOL"", ""lci"": ""Com"" }, ""2006"": { ""zone"": ""PLI"", ""total_value"": 0, ""tax_district"": ""001"", ""bldg_value"": 0, ""land_value"": 0, ""land_use_code"": ""SCHOOL"", ""lci"": ""Com"" }, ""2012"": { ""zone"": ""PLI"", ""total_value"": 0, ""tax_district"": ""001"", ""bldg_value"": 0, ""land_value"": 0, ""land_use_code"": ""SCHOOL"", ""lci"": ""Com"" } }","2014","SCHOOL","Com"
"9845","1974.000000","PLI",0,"001",585204.746028,"00418102000",0,0,"1987-03-16T00:00:00","{ ""2009"": { ""zone"": ""PLI"", ""total_value"": 0, ""tax_district"": ""001"", ""bldg_value"": 0, ""land_value"": 0, ""land_use_code"": ""SCHOOL"", ""lci"": ""Com"" }, ""2006"": { ""zone"": ""PLI"", ""total_value"": 0, ""tax_district"": ""001"", ""bldg_value"": 0, ""land_value"": 0, ""land_use_code"": ""SCHOOL"", ""lci"": ""Com"" }, ""2012"": { ""zone"": ""PLI"", ""total_value"": 0, ""tax_district"": ""001"", ""bldg_value"": 0, ""land_value"": 0, ""land_use_code"": ""SCHOOL"", ""lci"": ""Com"" } }","2014","SCHOOL","Com"
"9864","1985.000000","PLI",0,"001",404106.614127,"00419201000",0,0,NA,"{ ""2009"": { ""zone"": ""PLI"", ""total_value"": 0, ""tax_district"": ""001"", ""bldg_value"": 0, ""land_value"": 0, ""land_use_code"": ""SCHOOL"", ""lci"": ""Com"" }, ""2006"": { ""zone"": ""PLI"", ""total_value"": 0, ""tax_district"": ""001"", ""bldg_value"": 0, ""land_value"": 0, ""land_use_code"": ""SCHOOL"", ""lci"": ""Com"" }, ""2012"": { ""zone"": ""PLI"", ""total_value"": 0, ""tax_district"": ""001"", ""bldg_value"": 0, ""land_value"": 0, ""land_use_code"": ""SCHOOL"", ""lci"": ""Com"" } }","2014","SCHOOL","Com"
"10569","1973.000000","R4",499100,"001",6250.003711,"00502852000",426300,72800,NA,"{ ""2009"": { ""zone"": ""R4"", ""total_value"": 499100, ""tax_district"": ""001"", ""bldg_value"": 426300, ""land_value"": 72800, ""land_use_code"": ""DAY CARE CENTER"", ""lci"": ""Com"" }, ""2006"": { ""zone"": ""R4"", ""total_value"": 499100, ""tax_district"": ""001"", ""bldg_value"": 426300, ""land_value"": 72800, ""land_use_code"": ""DAY CARE CENTER"", ""lci"": ""Com"" }, ""2012"": { ""zone"": ""R4"", ""total_value"": 499100, ""tax_district"": ""001"", ""bldg_value"": 426300, ""land_value"": 72800, ""land_use_code"": ""DAY CARE CENTER"", ""lci"": ""Com"" } }","2014","DAY CARE CENTER","Com"
"11307","1995.000000","PLI",0,"001",621535.979314,"00506412000",0,0,"1994-09-08T00:00:00","{ ""2009"": { ""zone"": ""PLI"", ""total_value"": 0, ""tax_district"": ""001"", ""bldg_value"": 0, ""land_value"": 0, ""land_use_code"": ""SCHOOL"", ""lci"": ""Com"" }, ""2006"": { ""zone"": ""PLI"", ""total_value"": 0, ""tax_district"": ""001"", ""bldg_value"": 0, ""land_value"": 0, ""land_use_code"": ""SCHOOL"", ""lci"": ""Com"" }, ""2012"": { ""zone"": ""PLI"", ""total_value"": 0, ""tax_district"": ""001"", ""bldg_value"": 0, ""land_value"": 0, ""land_use_code"": ""SCHOOL"", ""lci"": ""Com"" } }","2014","SCHOOL","Com"
"11329","1969.000000","PLI",0,"001",1585780.163748,"00509102000",0,0,NA,"{ ""2009"": { ""zone"": ""PLI"", ""total_value"": 0, ""tax_district"": ""001"", ""bldg_value"": 0, ""land_value"": 0, ""land_use_code"": ""SCHOOL"", ""lci"": ""Com"" }, ""2006"": { ""zone"": ""PLI"", ""total_value"": 0, ""tax_district"": ""001"", ""bldg_value"": 0, ""land_value"": 0, ""land_use_code"": ""SCHOOL"", ""lci"": ""Com"" }, ""2012"": { ""zone"": ""PLI"", ""total_value"": 0, ""tax_district"": ""001"", ""bldg_value"": 0, ""land_value"": 0, ""land_use_code"": ""SCHOOL"", ""lci"": ""Com"" } }","2014","SCHOOL","Com"
"11331","1980.000000","PLI",0,"001",823050.281079,"00509107000",0,0,NA,"{ ""2009"": { ""zone"": ""PLI"", ""total_value"": 0, ""tax_district"": ""001"", ""bldg_value"": 0, ""land_value"": 0, ""land_use_code"": ""SCHOOL"", ""lci"": ""Com"" }, ""2006"": { ""zone"": ""PLI"", ""total_value"": 0, ""tax_district"": ""001"", ""bldg_value"": 0, ""land_value"": 0, ""land_use_code"": ""SCHOOL"", ""lci"": ""Com"" }, ""2012"": { ""zone"": ""PLI"", ""total_value"": 0, ""tax_district"": ""001"", ""bldg_value"": 0, ""land_value"": 0, ""land_use_code"": ""SCHOOL"", ""lci"": ""Com"" } }","2014","SCHOOL","Com"
"11385","2012.000000","R3",2513700,"001",137013.61044,"00511166000",1937900,575800,"2012-01-03T00:00:00","{ ""2009"": { ""zone"": ""R3"", ""total_value"": 2513700, ""tax_district"": ""001"", ""bldg_value"": 1937900, ""land_value"": 575800, ""land_use_code"": ""SCHOOL"", ""lci"": ""Com"" }, ""2006"": { ""zone"": ""R3"", ""total_value"": 2513700, ""tax_district"": ""001"", ""bldg_value"": 1937900, ""land_value"": 575800, ""land_use_code"": ""SCHOOL"", ""lci"": ""Com"" }, ""2012"": { ""zone"": ""R3"", ""total_value"": 2513700, ""tax_district"": ""001"", ""bldg_value"": 1937900, ""land_value"": 575800, ""land_use_code"": ""SCHOOL"", ""lci"": ""Com"" } }","2014","SCHOOL","Com"
"11419","1980.000000","PLI",0,"001",324210.254718,"00511328000",0,0,NA,"{ ""2009"": { ""zone"": ""PLI"", ""total_value"": 0, ""tax_district"": ""001"", ""bldg_value"": 0, ""land_value"": 0, ""land_use_code"": ""SCHOOL"", ""lci"": ""Com"" }, ""2006"": { ""zone"": ""PLI"", ""total_value"": 0, ""tax_district"": ""001"", ""bldg_value"": 0, ""land_value"": 0, ""land_use_code"": ""SCHOOL"", ""lci"": ""Com"" }, ""2012"": { ""zone"": ""PLI"", ""total_value"": 0, ""tax_district"": ""001"", ""bldg_value"": 0, ""land_value"": 0, ""land_use_code"": ""SCHOOL"", ""lci"": ""Com"" } }","2014","SCHOOL","Com"
"11940","1980.000000","T",0,"001",461190.966798,"00517101000",0,0,NA,"{ ""2009"": { ""zone"": ""T"", ""total_value"": 0, ""tax_district"": ""001"", ""bldg_value"": 0, ""land_value"": 0, ""land_use_code"": ""SCHOOL"", ""lci"": ""Com"" }, ""2006"": { ""zone"": ""T"", ""total_value"": 0, ""tax_district"": ""001"", ""bldg_value"": 0, ""land_value"": 0, ""land_use_code"": ""SCHOOL"", ""lci"": ""Com"" }, ""2012"": { ""zone"": ""T"", ""total_value"": 0, ""tax_district"": ""001"", ""bldg_value"": 0, ""land_value"": 0, ""land_use_code"": ""SCHOOL"", ""lci"": ""Com"" } }","2014","SCHOOL","Com"
"12594","1980.000000","PLI",0,"003",434584.296572,"00605219000",0,0,NA,"{ ""2009"": { ""zone"": ""PLI"", ""total_value"": 0, ""tax_district"": ""003"", ""bldg_value"": 0, ""land_value"": 0, ""land_use_code"": ""SCHOOL"", ""lci"": ""Com"" }, ""2006"": { ""zone"": ""PLI"", ""total_value"": 0, ""tax_district"": ""003"", ""bldg_value"": 0, ""land_value"": 0, ""land_use_code"": ""SCHOOL"", ""lci"": ""Com"" }, ""2012"": { ""zone"": ""PLI"", ""total_value"": 0, ""tax_district"": ""003"", ""bldg_value"": 0, ""land_value"": 0, ""land_use_code"": ""SCHOOL"", ""lci"": ""Com"" } }","2014","SCHOOL","Com"
"13253","1980.000000","PLI",0,"001",414630.31065,"00608101000",0,0,NA,"{ ""2009"": { ""zone"": ""PLI"", ""total_value"": 0, ""tax_district"": ""001"", ""bldg_value"": 0, ""land_value"": 0, ""land_use_code"": ""SCHOOL"", ""lci"": ""Com"" }, ""2006"": { ""zone"": ""PLI"", ""total_value"": 0, ""tax_district"": ""001"", ""bldg_value"": 0, ""land_value"": 0, ""land_use_code"": ""SCHOOL"", ""lci"": ""Com"" }, ""2012"": { ""zone"": ""PLI"", ""total_value"": 0, ""tax_district"": ""001"", ""bldg_value"": 0, ""land_value"": 0, ""land_use_code"": ""SCHOOL"", ""lci"": ""Com"" } }","2014","SCHOOL","Com"
"13769","1980.000000","PLI",0,"003",378684.716845,"00610401000",0,0,NA,"{ ""2009"": { ""zone"": ""PLI"", ""total_value"": 0, ""tax_district"": ""003"", ""bldg_value"": 0, ""land_value"": 0, ""land_use_code"": ""SCHOOL"", ""lci"": ""Com"" }, ""2006"": { ""zone"": ""PLI"", ""total_value"": 0, ""tax_district"": ""003"", ""bldg_value"": 0, ""land_value"": 0, ""land_use_code"": ""SCHOOL"", ""lci"": ""Com"" }, ""2012"": { ""zone"": ""PLI"", ""total_value"": 0, ""tax_district"": ""003"", ""bldg_value"": 0, ""land_value"": 0, ""land_use_code"": ""SCHOOL"", ""lci"": ""Com"" } }","2014","SCHOOL","Com"
"15018","1968.000000","B1A",945600,"003",31619.589273,"00617604000",495500,450100,"1991-09-17T00:00:00","{ ""2009"": { ""zone"": ""B1A"", ""total_value"": 945600, ""tax_district"": ""003"", ""bldg_value"": 495500, ""land_value"": 450100, ""land_use_code"": ""DAY CARE CENTER"", ""lci"": ""Com"" }, ""2006"": { ""zone"": ""B1A"", ""total_value"": 945600, ""tax_district"": ""003"", ""bldg_value"": 495500, ""land_value"": 450100, ""land_use_code"": ""DAY CARE CENTER"", ""lci"": ""Com"" }, ""2012"": { ""zone"": ""B1A"", ""total_value"": 945600, ""tax_district"": ""003"", ""bldg_value"": 495500, ""land_value"": 450100, ""land_use_code"": ""DAY CARE CENTER"", ""lci"": ""Com"" } }","2014","DAY CARE CENTER","Com"
"15617","1980.000000","PLI",0,"003",332433.210411,"00621802000",0,0,NA,"{ ""2009"": { ""zone"": ""PLI"", ""total_value"": 0, ""tax_district"": ""003"", ""bldg_value"": 0, ""land_value"": 0, ""land_use_code"": ""SCHOOL"", ""lci"": ""Com"" }, ""2006"": { ""zone"": ""PLI"", ""total_value"": 0, ""tax_district"": ""003"", ""bldg_value"": 0, ""land_value"": 0, ""land_use_code"": ""SCHOOL"", ""lci"": ""Com"" }, ""2012"": { ""zone"": ""PLI"", ""total_value"": 0, ""tax_district"": ""003"", ""bldg_value"": 0, ""land_value"": 0, ""land_use_code"": ""SCHOOL"", ""lci"": ""Com"" } }","2014","SCHOOL","Com"
"16131","1980.000000","PLI",0,"003",302282.830827,"00623703000",0,0,NA,"{ ""2009"": { ""zone"": ""PLI"", ""total_value"": 0, ""tax_district"": ""003"", ""bldg_value"": 0, ""land_value"": 0, ""land_use_code"": ""SCHOOL"", ""lci"": ""Com"" }, ""2006"": { ""zone"": ""PLI"", ""total_value"": 0, ""tax_district"": ""003"", ""bldg_value"": 0, ""land_value"": 0, ""land_use_code"": ""SCHOOL"", ""lci"": ""Com"" }, ""2012"": { ""zone"": ""PLI"", ""total_value"": 0, ""tax_district"": ""003"", ""bldg_value"": 0, ""land_value"": 0, ""land_use_code"": ""SCHOOL"", ""lci"": ""Com"" } }","2014","SCHOOL","Com"
"16776","1983.000000","R4",0,"003",8049.881186,"00629401000",0,0,"1988-07-18T00:00:00","{ ""2009"": { ""zone"": ""R4"", ""total_value"": 0, ""tax_district"": ""003"", ""bldg_value"": 0, ""land_value"": 0, ""land_use_code"": ""DAY CARE CENTER"", ""lci"": ""Com"" }, ""2006"": { ""zone"": ""R4"", ""total_value"": 0, ""tax_district"": ""003"", ""bldg_value"": 0, ""land_value"": 0, ""land_use_code"": ""DAY CARE CENTER"", ""lci"": ""Com"" }, ""2012"": { ""zone"": ""R4"", ""total_value"": 0, ""tax_district"": ""003"", ""bldg_value"": 0, ""land_value"": 0, ""land_use_code"": ""DAY CARE CENTER"", ""lci"": ""Com"" } }","2014","DAY CARE CENTER","Com"
"16943","1978.000000","PLI",0,"001",411323.80793,"00630166000",0,0,NA,"{ ""2009"": { ""zone"": ""PLI"", ""total_value"": 0, ""tax_district"": ""001"", ""bldg_value"": 0, ""land_value"": 0, ""land_use_code"": ""SCHOOL"", ""lci"": ""Com"" }, ""2006"": { ""zone"": ""PLI"", ""total_value"": 0, ""tax_district"": ""001"", ""bldg_value"": 0, ""land_value"": 0, ""land_use_code"": ""SCHOOL"", ""lci"": ""Com"" }, ""2012"": { ""zone"": ""PLI"", ""total_value"": 0, ""tax_district"": ""001"", ""bldg_value"": 0, ""land_value"": 0, ""land_use_code"": ""SCHOOL"", ""lci"": ""Com"" } }","2014","SCHOOL","Com"
"17307","1958.000000","PLI",0,"003",78089.722559,"00631332000",0,0,"2001-06-29T00:00:00","{ ""2009"": { ""zone"": ""PLI"", ""total_value"": 0, ""tax_district"": ""003"", ""bldg_value"": 0, ""land_value"": 0, ""land_use_code"": ""SCHOOL"", ""lci"": ""Com"" }, ""2006"": { ""zone"": ""PLI"", ""total_value"": 0, ""tax_district"": ""003"", ""bldg_value"": 0, ""land_value"": 0, ""land_use_code"": ""SCHOOL"", ""lci"": ""Com"" }, ""2012"": { ""zone"": ""PLI"", ""total_value"": 0, ""tax_district"": ""003"", ""bldg_value"": 0, ""land_value"": 0, ""land_use_code"": ""SCHOOL"", ""lci"": ""Com"" } }","2014","SCHOOL","Com"
"17437","1984.000000","R2M",377300,"003",28042.733638,"00632316000",214700,162600,"2013-07-16T00:00:00","{ ""2009"": { ""zone"": ""R2M"", ""total_value"": 377300, ""tax_district"": ""003"", ""bldg_value"": 214700, ""land_value"": 162600, ""land_use_code"": ""SCHOOL"", ""lci"": ""Com"" }, ""2006"": { ""zone"": ""R2M"", ""total_value"": 377300, ""tax_district"": ""003"", ""bldg_value"": 214700, ""land_value"": 162600, ""land_use_code"": ""SCHOOL"", ""lci"": ""Com"" }, ""2012"": { ""zone"": ""R2M"", ""total_value"": 377300, ""tax_district"": ""003"", ""bldg_value"": 214700, ""land_value"": 162600, ""land_use_code"": ""SCHOOL"", ""lci"": ""Com"" } }","2014","SCHOOL","Com"
"17860","1990.000000","PLI",0,"003",650790.312946,"00636310000",0,0,"1993-06-01T00:00:00","{ ""2009"": { ""zone"": ""PLI"", ""total_value"": 0, ""tax_district"": ""003"", ""bldg_value"": 0, ""land_value"": 0, ""land_use_code"": ""SCHOOL"", ""lci"": ""Com"" }, ""2006"": { ""zone"": ""PLI"", ""total_value"": 0, ""tax_district"": ""003"", ""bldg_value"": 0, ""land_value"": 0, ""land_use_code"": ""SCHOOL"", ""lci"": ""Com"" }, ""2012"": { ""zone"": ""PLI"", ""total_value"": 0, ""tax_district"": ""003"", ""bldg_value"": 0, ""land_value"": 0, ""land_use_code"": ""SCHOOL"", ""lci"": ""Com"" } }","2014","SCHOOL","Com"
"17864","1971.000000","PLI",0,"003",3032107.089726,"00637101000",0,0,NA,"{ ""2009"": { ""zone"": ""PLI"", ""total_value"": 0, ""tax_district"": ""003"", ""bldg_value"": 0, ""land_value"": 0, ""land_use_code"": ""SCHOOL"", ""lci"": ""Com"" }, ""2006"": { ""zone"": ""PLI"", ""total_value"": 0, ""tax_district"": ""003"", ""bldg_value"": 0, ""land_value"": 0, ""land_use_code"": ""SCHOOL"", ""lci"": ""Com"" }, ""2012"": { ""zone"": ""PLI"", ""total_value"": 0, ""tax_district"": ""003"", ""bldg_value"": 0, ""land_value"": 0, ""land_use_code"": ""SCHOOL"", ""lci"": ""Com"" } }","2014","SCHOOL","Com"
"18377","1983.000000","R2A",0,"003",98353.02406,"00702101000",0,0,"2008-05-23T00:00:00","{ ""2009"": { ""zone"": ""R2A"", ""total_value"": 0, ""tax_district"": ""003"", ""bldg_value"": 0, ""land_value"": 0, ""land_use_code"": ""SCHOOL"", ""lci"": ""Com"" }, ""2006"": { ""zone"": ""R2A"", ""total_value"": 0, ""tax_district"": ""003"", ""bldg_value"": 0, ""land_value"": 0, ""land_use_code"": ""SCHOOL"", ""lci"": ""Com"" }, ""2012"": { ""zone"": ""R2A"", ""total_value"": 0, ""tax_district"": ""003"", ""bldg_value"": 0, ""land_value"": 0, ""land_use_code"": ""SCHOOL"", ""lci"": ""Com"" } }","2014","SCHOOL","Com"
"19497","1980.000000","PLI",0,"003",371360.244627,"00710506000",0,0,NA,"{ ""2009"": { ""zone"": ""PLI"", ""total_value"": 0, ""tax_district"": ""003"", ""bldg_value"": 0, ""land_value"": 0, ""land_use_code"": ""SCHOOL"", ""lci"": ""Com"" }, ""2006"": { ""zone"": ""PLI"", ""total_value"": 0, ""tax_district"": ""003"", ""bldg_value"": 0, ""land_value"": 0, ""land_use_code"": ""SCHOOL"", ""lci"": ""Com"" }, ""2012"": { ""zone"": ""PLI"", ""total_value"": 0, ""tax_district"": ""003"", ""bldg_value"": 0, ""land_value"": 0, ""land_use_code"": ""SCHOOL"", ""lci"": ""Com"" } }","2014","SCHOOL","Com"
"20650","1980.000000","PLI",0,"003",376049.775264,"00717125000",0,0,NA,"{ ""2009"": { ""zone"": ""PLI"", ""total_value"": 0, ""tax_district"": ""003"", ""bldg_value"": 0, ""land_value"": 0, ""land_use_code"": ""SCHOOL"", ""lci"": ""Com"" }, ""2006"": { ""zone"": ""PLI"", ""total_value"": 0, ""tax_district"": ""003"", ""bldg_value"": 0, ""land_value"": 0, ""land_use_code"": ""SCHOOL"", ""lci"": ""Com"" }, ""2012"": { ""zone"": ""PLI"", ""total_value"": 0, ""tax_district"": ""003"", ""bldg_value"": 0, ""land_value"": 0, ""land_use_code"": ""SCHOOL"", ""lci"": ""Com"" } }","2014","SCHOOL","Com"
"21979","1991.000000","PLI",0,"003",597712.211118,"00726106000",0,0,"1990-10-19T00:00:00","{ ""2009"": { ""zone"": ""PLI"", ""total_value"": 0, ""tax_district"": ""003"", ""bldg_value"": 0, ""land_value"": 0, ""land_use_code"": ""SCHOOL"", ""lci"": ""Com"" }, ""2006"": { ""zone"": ""PLI"", ""total_value"": 0, ""tax_district"": ""003"", ""bldg_value"": 0, ""land_value"": 0, ""land_use_code"": ""SCHOOL"", ""lci"": ""Com"" }, ""2012"": { ""zone"": ""PLI"", ""total_value"": 0, ""tax_district"": ""003"", ""bldg_value"": 0, ""land_value"": 0, ""land_use_code"": ""SCHOOL"", ""lci"": ""Com"" } }","2014","SCHOOL","Com"
"22243","2006.000000","ROSL",0,"001",64890.962261,"00801164000",0,0,"2002-04-22T00:00:00","{ ""2009"": { ""zone"": ""ROSL"", ""total_value"": 0, ""tax_district"": ""001"", ""bldg_value"": 0, ""land_value"": 0, ""land_use_code"": ""DAY CARE CENTER"", ""lci"": ""Com"" }, ""2006"": { ""zone"": ""ROSL"", ""total_value"": 0, ""tax_district"": ""001"", ""bldg_value"": 0, ""land_value"": 0, ""land_use_code"": ""DAY CARE CENTER"", ""lci"": ""Com"" }, ""2012"": { ""zone"": ""ROSL"", ""total_value"": 0, ""tax_district"": ""001"", ""bldg_value"": 0, ""land_value"": 0, ""land_use_code"": ""DAY CARE CENTER"", ""lci"": ""Com"" } }","2014","DAY CARE CENTER","Com"
"22462","1980.000000","R2M",410400,"003",16313.547681,"00803254000",287900,122500,"2012-12-31T00:00:00","{ ""2009"": { ""zone"": ""R2M"", ""total_value"": 410400, ""tax_district"": ""003"", ""bldg_value"": 287900, ""land_value"": 122500, ""land_use_code"": ""DAY CARE CENTER"", ""lci"": ""Com"" }, ""2006"": { ""zone"": ""R2M"", ""total_value"": 410400, ""tax_district"": ""003"", ""bldg_value"": 287900, ""land_value"": 122500, ""land_use_code"": ""DAY CARE CENTER"", ""lci"": ""Com"" }, ""2012"": { ""zone"": ""R2M"", ""total_value"": 410400, ""tax_district"": ""003"", ""bldg_value"": 287900, ""land_value"": 122500, ""land_use_code"": ""DAY CARE CENTER"", ""lci"": ""Com"" } }","2014","DAY CARE CENTER","Com"
"22940","1967.000000","B3",272500,"003",7568.864132,"00901512000",155500,117000,"2008-06-30T00:00:00","{ ""2009"": { ""zone"": ""B3"", ""total_value"": 272500, ""tax_district"": ""003"", ""bldg_value"": 155500, ""land_value"": 117000, ""land_use_code"": ""SCHOOL"", ""lci"": ""Com"" }, ""2006"": { ""zone"": ""B3"", ""total_value"": 272500, ""tax_district"": ""003"", ""bldg_value"": 155500, ""land_value"": 117000, ""land_use_code"": ""SCHOOL"", ""lci"": ""Com"" }, ""2012"": { ""zone"": ""B3"", ""total_value"": 272500, ""tax_district"": ""003"", ""bldg_value"": 155500, ""land_value"": 117000, ""land_use_code"": ""SCHOOL"", ""lci"": ""Com"" } }","2014","SCHOOL","Com"
"23017","1949.000000","PLI",0,"003",369463.968133,"00902401000",0,0,"1988-08-23T00:00:00","{ ""2009"": { ""zone"": ""PLI"", ""total_value"": 0, ""tax_district"": ""003"", ""bldg_value"": 0, ""land_value"": 0, ""land_use_code"": ""SCHOOL"", ""lci"": ""Com"" }, ""2006"": { ""zone"": ""PLI"", ""total_value"": 0, ""tax_district"": ""003"", ""bldg_value"": 0, ""land_value"": 0, ""land_use_code"": ""SCHOOL"", ""lci"": ""Com"" }, ""2012"": { ""zone"": ""PLI"", ""total_value"": 0, ""tax_district"": ""003"", ""bldg_value"": 0, ""land_value"": 0, ""land_use_code"": ""SCHOOL"", ""lci"": ""Com"" } }","2014","SCHOOL","Com"
"23707","1985.000000","B3",0,"003",216505.828478,"00912232000",0,0,"2002-12-30T00:00:00","{ ""2009"": { ""zone"": ""B3"", ""total_value"": 0, ""tax_district"": ""003"", ""bldg_value"": 0, ""land_value"": 0, ""land_use_code"": ""SCHOOL"", ""lci"": ""Com"" }, ""2006"": { ""zone"": ""B3"", ""total_value"": 0, ""tax_district"": ""003"", ""bldg_value"": 0, ""land_value"": 0, ""land_use_code"": ""SCHOOL"", ""lci"": ""Com"" }, ""2012"": { ""zone"": ""B3"", ""total_value"": 0, ""tax_district"": ""003"", ""bldg_value"": 0, ""land_value"": 0, ""land_use_code"": ""SCHOOL"", ""lci"": ""Com"" } }","2014","SCHOOL","Com"
"24089","1972.000000","B1A",0,"003",35413.289509,"00917214000",0,0,"2007-12-14T00:00:00","{ ""2009"": { ""zone"": ""B1A"", ""total_value"": 0, ""tax_district"": ""003"", ""bldg_value"": 0, ""land_value"": 0, ""land_use_code"": ""RELIGIOUS"", ""lci"": ""Com"" }, ""2006"": { ""zone"": ""B1A"", ""total_value"": 0, ""tax_district"": ""003"", ""bldg_value"": 0, ""land_value"": 0, ""land_use_code"": ""RELIGIOUS"", ""lci"": ""Com"" }, ""2012"": { ""zone"": ""B1A"", ""total_value"": 0, ""tax_district"": ""003"", ""bldg_value"": 0, ""land_value"": 0, ""land_use_code"": ""RELIGIOUS"", ""lci"": ""Com"" } }","2014","DAY CARE CENTER","Com"
"24644","1971.000000","I1",0,"003",40857.687943,"00923275000",0,0,"2004-11-15T00:00:00","{ ""2009"": { ""zone"": ""I1"", ""total_value"": 0, ""tax_district"": ""003"", ""bldg_value"": 0, ""land_value"": 0, ""land_use_code"": ""SCHOOL"", ""lci"": ""Com"" }, ""2006"": { ""zone"": ""I1"", ""total_value"": 0, ""tax_district"": ""003"", ""bldg_value"": 0, ""land_value"": 0, ""land_use_code"": ""SCHOOL"", ""lci"": ""Com"" }, ""2012"": { ""zone"": ""I1"", ""total_value"": 0, ""tax_district"": ""003"", ""bldg_value"": 0, ""land_value"": 0, ""land_use_code"": ""SCHOOL"", ""lci"": ""Com"" } }","2014","SCHOOL","Com"
"25276","1984.000000","R3",0,"003",95104.490533,"00929122000",0,0,NA,"{ ""2009"": { ""zone"": ""R3"", ""total_value"": 0, ""tax_district"": ""003"", ""bldg_value"": 0, ""land_value"": 0, ""land_use_code"": ""SCHOOL"", ""lci"": ""Com"" }, ""2006"": { ""zone"": ""R3"", ""total_value"": 0, ""tax_district"": ""003"", ""bldg_value"": 0, ""land_value"": 0, ""land_use_code"": ""SCHOOL"", ""lci"": ""Com"" }, ""2012"": { ""zone"": ""R3"", ""total_value"": 0, ""tax_district"": ""003"", ""bldg_value"": 0, ""land_value"": 0, ""land_use_code"": ""SCHOOL"", ""lci"": ""Com"" } }","2014","SCHOOL","Com"
"25298","2008.000000","R3",749200,"003",24934.163013,"00929223000",571900,177300,"2003-03-28T00:00:00","{ ""2009"": { ""zone"": ""R3"", ""total_value"": 749200, ""tax_district"": ""003"", ""bldg_value"": 571900, ""land_value"": 177300, ""land_use_code"": ""DAY CARE CENTER"", ""lci"": ""Com"" }, ""2006"": { ""zone"": ""R3"", ""total_value"": 749200, ""tax_district"": ""003"", ""bldg_value"": 571900, ""land_value"": 177300, ""land_use_code"": ""DAY CARE CENTER"", ""lci"": ""Com"" }, ""2012"": { ""zone"": ""R3"", ""total_value"": 749200, ""tax_district"": ""003"", ""bldg_value"": 571900, ""land_value"": 177300, ""land_use_code"": ""DAY CARE CENTER"", ""lci"": ""Com"" } }","2014","DAY CARE CENTER","Com"
"25299","1978.000000","I1",828632,"003",39151.736206,"00929224000",388400,448000,"2002-01-04T00:00:00","{ ""2009"": { ""zone"": ""I1"", ""total_value"": 828632, ""tax_district"": ""003"", ""bldg_value"": 388400, ""land_value"": 448000, ""land_use_code"": ""DAY CARE CENTER"", ""lci"": ""Com"" }, ""2006"": { ""zone"": ""I1"", ""total_value"": 828632, ""tax_district"": ""003"", ""bldg_value"": 388400, ""land_value"": 448000, ""land_use_code"": ""DAY CARE CENTER"", ""lci"": ""Com"" }, ""2012"": { ""zone"": ""I1"", ""total_value"": 828632, ""tax_district"": ""003"", ""bldg_value"": 388400, ""land_value"": 448000, ""land_use_code"": ""DAY CARE CENTER"", ""lci"": ""Com"" } }","2014","DAY CARE CENTER","Com"
"25364","2000.000000","I1",0,"003",290010.668517,"00930121000",0,0,"2000-01-28T00:00:00","{ ""2009"": { ""zone"": ""I1"", ""total_value"": 0, ""tax_district"": ""003"", ""bldg_value"": 0, ""land_value"": 0, ""land_use_code"": ""SCHOOL"", ""lci"": ""Com"" }, ""2006"": { ""zone"": ""I1"", ""total_value"": 0, ""tax_district"": ""003"", ""bldg_value"": 0, ""land_value"": 0, ""land_use_code"": ""SCHOOL"", ""lci"": ""Com"" }, ""2012"": { ""zone"": ""I1"", ""total_value"": 0, ""tax_district"": ""003"", ""bldg_value"": 0, ""land_value"": 0, ""land_use_code"": ""SCHOOL"", ""lci"": ""Com"" } }","2014","SCHOOL","Com"
"25661","1966.000000","PLI",0,"003",312079.750571,"01002533000",0,0,NA,"{ ""2009"": { ""zone"": ""PLI"", ""total_value"": 0, ""tax_district"": ""003"", ""bldg_value"": 0, ""land_value"": 0, ""land_use_code"": ""SCHOOL"", ""lci"": ""Com"" }, ""2006"": { ""zone"": ""PLI"", ""total_value"": 0, ""tax_district"": ""003"", ""bldg_value"": 0, ""land_value"": 0, ""land_use_code"": ""SCHOOL"", ""lci"": ""Com"" }, ""2012"": { ""zone"": ""PLI"", ""total_value"": 0, ""tax_district"": ""003"", ""bldg_value"": 0, ""land_value"": 0, ""land_use_code"": ""SCHOOL"", ""lci"": ""Com"" } }","2014","SCHOOL","Com"
"25972","1956.000000","PLI",0,"003",376257.115836,"01004226000",0,0,NA,"{ ""2009"": { ""zone"": ""PLI"", ""total_value"": 0, ""tax_district"": ""003"", ""bldg_value"": 0, ""land_value"": 0, ""land_use_code"": ""SCHOOL"", ""lci"": ""Com"" }, ""2006"": { ""zone"": ""PLI"", ""total_value"": 0, ""tax_district"": ""003"", ""bldg_value"": 0, ""land_value"": 0, ""land_use_code"": ""SCHOOL"", ""lci"": ""Com"" }, ""2012"": { ""zone"": ""PLI"", ""total_value"": 0, ""tax_district"": ""003"", ""bldg_value"": 0, ""land_value"": 0, ""land_use_code"": ""SCHOOL"", ""lci"": ""Com"" } }","2014","SCHOOL","Com"
"28012","1953.000000","PLI",0,"003",355062.4595,"01012326000",0,0,NA,"{ ""2009"": { ""zone"": ""PLI"", ""total_value"": 0, ""tax_district"": ""003"", ""bldg_value"": 0, ""land_value"": 0, ""land_use_code"": ""SCHOOL"", ""lci"": ""Com"" }, ""2006"": { ""zone"": ""PLI"", ""total_value"": 0, ""tax_district"": ""003"", ""bldg_value"": 0, ""land_value"": 0, ""land_use_code"": ""SCHOOL"", ""lci"": ""Com"" }, ""2012"": { ""zone"": ""PLI"", ""total_value"": 0, ""tax_district"": ""003"", ""bldg_value"": 0, ""land_value"": 0, ""land_use_code"": ""SCHOOL"", ""lci"": ""Com"" } }","2014","SCHOOL","Com"
"28426","1980.000000","PLI",0,"003",657086.044382,"01014382000",0,0,"1995-03-06T00:00:00","{ ""2009"": { ""zone"": ""PLI"", ""total_value"": 0, ""tax_district"": ""003"", ""bldg_value"": 0, ""land_value"": 0, ""land_use_code"": ""SCHOOL"", ""lci"": ""Com"" }, ""2006"": { ""zone"": ""PLI"", ""total_value"": 0, ""tax_district"": ""003"", ""bldg_value"": 0, ""land_value"": 0, ""land_use_code"": ""SCHOOL"", ""lci"": ""Com"" }, ""2012"": { ""zone"": ""PLI"", ""total_value"": 0, ""tax_district"": ""003"", ""bldg_value"": 0, ""land_value"": 0, ""land_use_code"": ""SCHOOL"", ""lci"": ""Com"" } }","2014","SCHOOL","Com"
"29244","1982.000000","R2M",222100,"003",8584.759633,"01020819000",138700,83400,"1995-02-22T00:00:00","{ ""2009"": { ""zone"": ""R2M"", ""total_value"": 222100, ""tax_district"": ""003"", ""bldg_value"": 138700, ""land_value"": 83400, ""land_use_code"": ""DAY CARE CENTER"", ""lci"": ""Com"" }, ""2006"": { ""zone"": ""R2M"", ""total_value"": 222100, ""tax_district"": ""003"", ""bldg_value"": 138700, ""land_value"": 83400, ""land_use_code"": ""DAY CARE CENTER"", ""lci"": ""Com"" }, ""2012"": { ""zone"": ""R2M"", ""total_value"": 222100, ""tax_district"": ""003"", ""bldg_value"": 138700, ""land_value"": 83400, ""land_use_code"": ""DAY CARE CENTER"", ""lci"": ""Com"" } }","2014","DAY CARE CENTER","Com"
"29572","1960.000000","PLI",0,"003",359928.918943,"01022401000",0,0,NA,"{ ""2009"": { ""zone"": ""PLI"", ""total_value"": 0, ""tax_district"": ""003"", ""bldg_value"": 0, ""land_value"": 0, ""land_use_code"": ""SCHOOL"", ""lci"": ""Com"" }, ""2006"": { ""zone"": ""PLI"", ""total_value"": 0, ""tax_district"": ""003"", ""bldg_value"": 0, ""land_value"": 0, ""land_use_code"": ""SCHOOL"", ""lci"": ""Com"" }, ""2012"": { ""zone"": ""PLI"", ""total_value"": 0, ""tax_district"": ""003"", ""bldg_value"": 0, ""land_value"": 0, ""land_use_code"": ""SCHOOL"", ""lci"": ""Com"" } }","2014","SCHOOL","Com"
"30669","1972.000000","PLI",0,"003",310539.559225,"01051110000",0,0,NA,"{ ""2009"": { ""zone"": ""PLI"", ""total_value"": 0, ""tax_district"": ""003"", ""bldg_value"": 0, ""land_value"": 0, ""land_use_code"": ""SCHOOL"", ""lci"": ""Com"" }, ""2006"": { ""zone"": ""PLI"", ""total_value"": 0, ""tax_district"": ""003"", ""bldg_value"": 0, ""land_value"": 0, ""land_use_code"": ""SCHOOL"", ""lci"": ""Com"" }, ""2012"": { ""zone"": ""PLI"", ""total_value"": 0, ""tax_district"": ""003"", ""bldg_value"": 0, ""land_value"": 0, ""land_use_code"": ""SCHOOL"", ""lci"": ""Com"" } }","2014","SCHOOL","Com"
"30672","2003.000000","R4SL",0,"003",102335.652852,"01051120000",0,0,NA,"{ ""2009"": { ""zone"": ""R4SL"", ""total_value"": 0, ""tax_district"": ""003"", ""bldg_value"": 0, ""land_value"": 0, ""land_use_code"": ""SCHOOL"", ""lci"": ""Com"" }, ""2006"": { ""zone"": ""R4SL"", ""total_value"": 0, ""tax_district"": ""003"", ""bldg_value"": 0, ""land_value"": 0, ""land_use_code"": ""SCHOOL"", ""lci"": ""Com"" }, ""2012"": { ""zone"": ""R4SL"", ""total_value"": 0, ""tax_district"": ""003"", ""bldg_value"": 0, ""land_value"": 0, ""land_use_code"": ""SCHOOL"", ""lci"": ""Com"" } }","2014","SCHOOL","Com"
"31073","1980.000000","PLI",0,"003",1658731.733366,"01106103000",0,0,"1995-11-06T00:00:00","{ ""2009"": { ""zone"": ""PLI"", ""total_value"": 0, ""tax_district"": ""003"", ""bldg_value"": 0, ""land_value"": 0, ""land_use_code"": ""SCHOOL"", ""lci"": ""Com"" }, ""2006"": { ""zone"": ""PLI"", ""total_value"": 0, ""tax_district"": ""003"", ""bldg_value"": 0, ""land_value"": 0, ""land_use_code"": ""SCHOOL"", ""lci"": ""Com"" }, ""2012"": { ""zone"": ""PLI"", ""total_value"": 0, ""tax_district"": ""003"", ""bldg_value"": 0, ""land_value"": 0, ""land_use_code"": ""SCHOOL"", ""lci"": ""Com"" } }","2014","SCHOOL","Com"
"31581","1980.000000","PLI",0,"003",400604.659704,"01109315000",0,0,NA,"{ ""2009"": { ""zone"": ""PLI"", ""total_value"": 0, ""tax_district"": ""003"", ""bldg_value"": 0, ""land_value"": 0, ""land_use_code"": ""SCHOOL"", ""lci"": ""Com"" }, ""2006"": { ""zone"": ""PLI"", ""total_value"": 0, ""tax_district"": ""003"", ""bldg_value"": 0, ""land_value"": 0, ""land_use_code"": ""SCHOOL"", ""lci"": ""Com"" }, ""2012"": { ""zone"": ""PLI"", ""total_value"": 0, ""tax_district"": ""003"", ""bldg_value"": 0, ""land_value"": 0, ""land_use_code"": ""SCHOOL"", ""lci"": ""Com"" } }","2014","SCHOOL","Com"
"34174","1968.000000","B3",609300,"003",21968.387864,"01205246000",355600,253700,"2013-02-13T00:00:00","{ ""2009"": { ""zone"": ""B3"", ""total_value"": 609300, ""tax_district"": ""003"", ""bldg_value"": 355600, ""land_value"": 253700, ""land_use_code"": ""DAY CARE CENTER"", ""lci"": ""Com"" }, ""2006"": { ""zone"": ""B3"", ""total_value"": 609300, ""tax_district"": ""003"", ""bldg_value"": 355600, ""land_value"": 253700, ""land_use_code"": ""DAY CARE CENTER"", ""lci"": ""Com"" }, ""2012"": { ""zone"": ""B3"", ""total_value"": 609300, ""tax_district"": ""003"", ""bldg_value"": 355600, ""land_value"": 253700, ""land_use_code"": ""DAY CARE CENTER"", ""lci"": ""Com"" } }","2014","DAY CARE CENTER","Com"
"34972","1970.000000","PLI",0,"003",382308.347683,"01213255000",0,0,NA,"{ ""2009"": { ""zone"": ""PLI"", ""total_value"": 0, ""tax_district"": ""003"", ""bldg_value"": 0, ""land_value"": 0, ""land_use_code"": ""SCHOOL"", ""lci"": ""Com"" }, ""2006"": { ""zone"": ""PLI"", ""total_value"": 0, ""tax_district"": ""003"", ""bldg_value"": 0, ""land_value"": 0, ""land_use_code"": ""SCHOOL"", ""lci"": ""Com"" }, ""2012"": { ""zone"": ""PLI"", ""total_value"": 0, ""tax_district"": ""003"", ""bldg_value"": 0, ""land_value"": 0, ""land_use_code"": ""SCHOOL"", ""lci"": ""Com"" } }","2014","SCHOOL","Com"
"35088","1972.000000","R3",420800,"003",10552.569403,"01214154000",252800,168000,NA,"{ ""2009"": { ""zone"": ""R3"", ""total_value"": 420800, ""tax_district"": ""003"", ""bldg_value"": 252800, ""land_value"": 168000, ""land_use_code"": ""DAY CARE CENTER"", ""lci"": ""Com"" }, ""2006"": { ""zone"": ""R3"", ""total_value"": 420800, ""tax_district"": ""003"", ""bldg_value"": 252800, ""land_value"": 168000, ""land_use_code"": ""DAY CARE CENTER"", ""lci"": ""Com"" }, ""2012"": { ""zone"": ""R3"", ""total_value"": 420800, ""tax_district"": ""003"", ""bldg_value"": 252800, ""land_value"": 168000, ""land_use_code"": ""DAY CARE CENTER"", ""lci"": ""Com"" } }","2014","DAY CARE CENTER","Com"
"35360","1969.000000","R2M",858300,"003",36611.453589,"01215328000",685000,173300,"2008-07-18T00:00:00","{ ""2009"": { ""zone"": ""R2M"", ""total_value"": 858300, ""tax_district"": ""003"", ""bldg_value"": 685000, ""land_value"": 173300, ""land_use_code"": ""DAY CARE CENTER"", ""lci"": ""Com"" }, ""2006"": { ""zone"": ""R2M"", ""total_value"": 858300, ""tax_district"": ""003"", ""bldg_value"": 685000, ""land_value"": 173300, ""land_use_code"": ""DAY CARE CENTER"", ""lci"": ""Com"" }, ""2012"": { ""zone"": ""R2M"", ""total_value"": 858300, ""tax_district"": ""003"", ""bldg_value"": 685000, ""land_value"": 173300, ""land_use_code"": ""DAY CARE CENTER"", ""lci"": ""Com"" } }","2014","DAY CARE CENTER","Com"
"35824","1970.000000","PLI",0,"003",333480.296515,"01217435000",0,0,NA,"{ ""2009"": { ""zone"": ""PLI"", ""total_value"": 0, ""tax_district"": ""003"", ""bldg_value"": 0, ""land_value"": 0, ""land_use_code"": ""SCHOOL"", ""lci"": ""Com"" }, ""2006"": { ""zone"": ""PLI"", ""total_value"": 0, ""tax_district"": ""003"", ""bldg_value"": 0, ""land_value"": 0, ""land_use_code"": ""SCHOOL"", ""lci"": ""Com"" }, ""2012"": { ""zone"": ""PLI"", ""total_value"": 0, ""tax_district"": ""003"", ""bldg_value"": 0, ""land_value"": 0, ""land_use_code"": ""SCHOOL"", ""lci"": ""Com"" } }","2014","SCHOOL","Com"
"37885","2004.000000","PLI",0,"003",2656974.722808,"01228421000",0,0,"1973-06-26T00:00:00","{ ""2009"": { ""zone"": ""PLI"", ""total_value"": 0, ""tax_district"": ""003"", ""bldg_value"": 0, ""land_value"": 0, ""land_use_code"": ""SCHOOL"", ""lci"": ""Com"" }, ""2006"": { ""zone"": ""PLI"", ""total_value"": 0, ""tax_district"": ""003"", ""bldg_value"": 0, ""land_value"": 0, ""land_use_code"": ""SCHOOL"", ""lci"": ""Com"" }, ""2012"": { ""zone"": ""PLI"", ""total_value"": 0, ""tax_district"": ""003"", ""bldg_value"": 0, ""land_value"": 0, ""land_use_code"": ""SCHOOL"", ""lci"": ""Com"" } }","2014","SCHOOL","Com"
"40097","1980.000000","PLI",0,"003",374804.42412,"01248434000",0,0,NA,"{ ""2009"": { ""zone"": ""PLI"", ""total_value"": 0, ""tax_district"": ""003"", ""bldg_value"": 0, ""land_value"": 0, ""land_use_code"": ""SCHOOL"", ""lci"": ""Com"" }, ""2006"": { ""zone"": ""PLI"", ""total_value"": 0, ""tax_district"": ""003"", ""bldg_value"": 0, ""land_value"": 0, ""land_use_code"": ""SCHOOL"", ""lci"": ""Com"" }, ""2012"": { ""zone"": ""PLI"", ""total_value"": 0, ""tax_district"": ""003"", ""bldg_value"": 0, ""land_value"": 0, ""land_use_code"": ""SCHOOL"", ""lci"": ""Com"" } }","2014","SCHOOL","Com"
"43904","1980.000000","PLI",0,"003",613814.25863,"01408247000",0,0,"1994-02-01T00:00:00","{ ""2009"": { ""zone"": ""PLI"", ""total_value"": 0, ""tax_district"": ""003"", ""bldg_value"": 0, ""land_value"": 0, ""land_use_code"": ""SCHOOL"", ""lci"": ""Com"" }, ""2006"": { ""zone"": ""PLI"", ""total_value"": 0, ""tax_district"": ""003"", ""bldg_value"": 0, ""land_value"": 0, ""land_use_code"": ""SCHOOL"", ""lci"": ""Com"" }, ""2012"": { ""zone"": ""PLI"", ""total_value"": 0, ""tax_district"": ""003"", ""bldg_value"": 0, ""land_value"": 0, ""land_use_code"": ""SCHOOL"", ""lci"": ""Com"" } }","2014","SCHOOL","Com"
"44646","1985.000000","RO",381400,"003",15803.198957,"01412333000",233800,147600,"1994-03-11T00:00:00","{ ""2009"": { ""zone"": ""RO"", ""total_value"": 381400, ""tax_district"": ""003"", ""bldg_value"": 233800, ""land_value"": 147600, ""land_use_code"": ""DAY CARE CENTER"", ""lci"": ""Com"" }, ""2006"": { ""zone"": ""RO"", ""total_value"": 381400, ""tax_district"": ""003"", ""bldg_value"": 233800, ""land_value"": 147600, ""land_use_code"": ""DAY CARE CENTER"", ""lci"": ""Com"" }, ""2012"": { ""zone"": ""RO"", ""total_value"": 381400, ""tax_district"": ""003"", ""bldg_value"": 233800, ""land_value"": 147600, ""land_use_code"": ""DAY CARE CENTER"", ""lci"": ""Com"" } }","2014","DAY CARE CENTER","Com"
"44672","2002.000000","B3",3156300,"003",129828.788612,"01412368000",1622400,1533900,"2004-06-16T00:00:00","{ ""2009"": { ""zone"": ""B3"", ""total_value"": 3156300, ""tax_district"": ""003"", ""bldg_value"": 1622400, ""land_value"": 1533900, ""land_use_code"": ""DAY CARE CENTER"", ""lci"": ""Com"" }, ""2006"": { ""zone"": ""B3"", ""total_value"": 3156300, ""tax_district"": ""003"", ""bldg_value"": 1622400, ""land_value"": 1533900, ""land_use_code"": ""DAY CARE CENTER"", ""lci"": ""Com"" }, ""2012"": { ""zone"": ""B3"", ""total_value"": 3156300, ""tax_district"": ""003"", ""bldg_value"": 1622400, ""land_value"": 1533900, ""land_use_code"": ""DAY CARE CENTER"", ""lci"": ""Com"" } }","2014","DAY CARE CENTER","Com"
"47143","1980.000000","PLI",0,"003",380888.794712,"01425221000",0,0,NA,"{ ""2009"": { ""zone"": ""PLI"", ""total_value"": 0, ""tax_district"": ""003"", ""bldg_value"": 0, ""land_value"": 0, ""land_use_code"": ""SCHOOL"", ""lci"": ""Com"" }, ""2006"": { ""zone"": ""PLI"", ""total_value"": 0, ""tax_district"": ""003"", ""bldg_value"": 0, ""land_value"": 0, ""land_use_code"": ""SCHOOL"", ""lci"": ""Com"" }, ""2012"": { ""zone"": ""PLI"", ""total_value"": 0, ""tax_district"": ""003"", ""bldg_value"": 0, ""land_value"": 0, ""land_use_code"": ""SCHOOL"", ""lci"": ""Com"" } }","2014","SCHOOL","Com"
"47334","1983.000000","R2M",684300,"003",37661.934014,"01426139000",507500,176800,"2002-03-05T00:00:00","{ ""2009"": { ""zone"": ""R2M"", ""total_value"": 684300, ""tax_district"": ""003"", ""bldg_value"": 507500, ""land_value"": 176800, ""land_use_code"": ""DAY CARE CENTER"", ""lci"": ""Com"" }, ""2006"": { ""zone"": ""R2M"", ""total_value"": 684300, ""tax_district"": ""003"", ""bldg_value"": 507500, ""land_value"": 176800, ""land_use_code"": ""DAY CARE CENTER"", ""lci"": ""Com"" }, ""2012"": { ""zone"": ""R2M"", ""total_value"": 684300, ""tax_district"": ""003"", ""bldg_value"": 507500, ""land_value"": 176800, ""land_use_code"": ""DAY CARE CENTER"", ""lci"": ""Com"" } }","2014","DAY CARE CENTER","Com"
"48721","1971.000000","PLI",0,"002",2524658.794479,"01502102000",0,0,NA,"{ ""2009"": { ""zone"": ""PLI"", ""total_value"": 0, ""tax_district"": ""002"", ""bldg_value"": 0, ""land_value"": 0, ""land_use_code"": ""SCHOOL"", ""lci"": ""Com"" }, ""2006"": { ""zone"": ""PLI"", ""total_value"": 0, ""tax_district"": ""002"", ""bldg_value"": 0, ""land_value"": 0, ""land_use_code"": ""SCHOOL"", ""lci"": ""Com"" }, ""2012"": { ""zone"": ""PLI"", ""total_value"": 0, ""tax_district"": ""002"", ""bldg_value"": 0, ""land_value"": 0, ""land_use_code"": ""SCHOOL"", ""lci"": ""Com"" } }","2014","SCHOOL","Com"
"48723","2000.000000","PLI",0,"002",665708.797568,"01502104000",0,0,NA,"{ ""2009"": { ""zone"": ""PLI"", ""total_value"": 0, ""tax_district"": ""002"", ""bldg_value"": 0, ""land_value"": 0, ""land_use_code"": ""SCHOOL"", ""lci"": ""Com"" }, ""2006"": { ""zone"": ""PLI"", ""total_value"": 0, ""tax_district"": ""002"", ""bldg_value"": 0, ""land_value"": 0, ""land_use_code"": ""SCHOOL"", ""lci"": ""Com"" }, ""2012"": { ""zone"": ""PLI"", ""total_value"": 0, ""tax_district"": ""002"", ""bldg_value"": 0, ""land_value"": 0, ""land_use_code"": ""SCHOOL"", ""lci"": ""Com"" } }","2014","SCHOOL","Com"
"48908","1965.000000","R6",0,"002",1053193.062957,"01505111000",0,0,"2009-03-25T00:00:00","{ ""2009"": { ""zone"": ""R6"", ""total_value"": 0, ""tax_district"": ""002"", ""bldg_value"": 0, ""land_value"": 0, ""land_use_code"": ""SCHOOL"", ""lci"": ""Com"" }, ""2006"": { ""zone"": ""R6"", ""total_value"": 0, ""tax_district"": ""002"", ""bldg_value"": 0, ""land_value"": 0, ""land_use_code"": ""SCHOOL"", ""lci"": ""Com"" }, ""2012"": { ""zone"": ""R6"", ""total_value"": 0, ""tax_district"": ""002"", ""bldg_value"": 0, ""land_value"": 0, ""land_use_code"": ""SCHOOL"", ""lci"": ""Com"" } }","2014","SCHOOL","Com"
"50012","1985.000000","PLI",0,"002",415014.31987,"01515143000",0,0,NA,"{ ""2009"": { ""zone"": ""PLI"", ""total_value"": 0, ""tax_district"": ""002"", ""bldg_value"": 0, ""land_value"": 0, ""land_use_code"": ""SCHOOL"", ""lci"": ""Com"" }, ""2006"": { ""zone"": ""PLI"", ""total_value"": 0, ""tax_district"": ""002"", ""bldg_value"": 0, ""land_value"": 0, ""land_use_code"": ""SCHOOL"", ""lci"": ""Com"" }, ""2012"": { ""zone"": ""PLI"", ""total_value"": 0, ""tax_district"": ""002"", ""bldg_value"": 0, ""land_value"": 0, ""land_use_code"": ""SCHOOL"", ""lci"": ""Com"" } }","2014","SCHOOL","Com"
"50911","1980.000000","PLI",0,"003",647131.353567,"01525112000",0,0,NA,"{ ""2009"": { ""zone"": ""PLI"", ""total_value"": 0, ""tax_district"": ""003"", ""bldg_value"": 0, ""land_value"": 0, ""land_use_code"": ""SCHOOL"", ""lci"": ""Com"" }, ""2006"": { ""zone"": ""PLI"", ""total_value"": 0, ""tax_district"": ""003"", ""bldg_value"": 0, ""land_value"": 0, ""land_use_code"": ""SCHOOL"", ""lci"": ""Com"" }, ""2012"": { ""zone"": ""PLI"", ""total_value"": 0, ""tax_district"": ""003"", ""bldg_value"": 0, ""land_value"": 0, ""land_use_code"": ""SCHOOL"", ""lci"": ""Com"" } }","2014","SCHOOL","Com"
"50915","1984.000000","PLI",0,"003",1272635.340362,"01526102000",0,0,NA,"{ ""2009"": { ""zone"": ""PLI"", ""total_value"": 0, ""tax_district"": ""003"", ""bldg_value"": 0, ""land_value"": 0, ""land_use_code"": ""SCHOOL"", ""lci"": ""Com"" }, ""2006"": { ""zone"": ""PLI"", ""total_value"": 0, ""tax_district"": ""003"", ""bldg_value"": 0, ""land_value"": 0, ""land_use_code"": ""SCHOOL"", ""lci"": ""Com"" }, ""2012"": { ""zone"": ""PLI"", ""total_value"": 0, ""tax_district"": ""003"", ""bldg_value"": 0, ""land_value"": 0, ""land_use_code"": ""SCHOOL"", ""lci"": ""Com"" } }","2014","SCHOOL","Com"
"51122","1990.000000","PLI",0,"003",434560.090048,"01528161000",0,0,NA,"{ ""2009"": { ""zone"": ""PLI"", ""total_value"": 0, ""tax_district"": ""003"", ""bldg_value"": 0, ""land_value"": 0, ""land_use_code"": ""SCHOOL"", ""lci"": ""Com"" }, ""2006"": { ""zone"": ""PLI"", ""total_value"": 0, ""tax_district"": ""003"", ""bldg_value"": 0, ""land_value"": 0, ""land_use_code"": ""SCHOOL"", ""lci"": ""Com"" }, ""2012"": { ""zone"": ""PLI"", ""total_value"": 0, ""tax_district"": ""003"", ""bldg_value"": 0, ""land_value"": 0, ""land_use_code"": ""SCHOOL"", ""lci"": ""Com"" } }","2014","SCHOOL","Com"
"52268","1972.000000","R6",0,"002",193360.339344,"01550125000",0,0,NA,"{ ""2009"": { ""zone"": ""R6"", ""total_value"": 0, ""tax_district"": ""002"", ""bldg_value"": 0, ""land_value"": 0, ""land_use_code"": ""SCHOOL"", ""lci"": ""Com"" }, ""2006"": { ""zone"": ""R6"", ""total_value"": 0, ""tax_district"": ""002"", ""bldg_value"": 0, ""land_value"": 0, ""land_use_code"": ""SCHOOL"", ""lci"": ""Com"" }, ""2012"": { ""zone"": ""R6"", ""total_value"": 0, ""tax_district"": ""002"", ""bldg_value"": 0, ""land_value"": 0, ""land_use_code"": ""SCHOOL"", ""lci"": ""Com"" } }","2014","SCHOOL","Com"
"52269",NA,"R6",0,"002",108612.938476,"01550126000",0,0,"1973-06-22T00:00:00","{ ""2009"": { ""zone"": ""R6"", ""total_value"": 0, ""tax_district"": ""002"", ""bldg_value"": 0, ""land_value"": 0, ""land_use_code"": ""SCHOOL"", ""lci"": ""Com"" }, ""2006"": { ""zone"": ""R6"", ""total_value"": 0, ""tax_district"": ""002"", ""bldg_value"": 0, ""land_value"": 0, ""land_use_code"": ""SCHOOL"", ""lci"": ""Com"" }, ""2012"": { ""zone"": ""R6"", ""total_value"": 0, ""tax_district"": ""002"", ""bldg_value"": 0, ""land_value"": 0, ""land_use_code"": ""SCHOOL"", ""lci"": ""Com"" } }","2014","SCHOOL","Com"
"52660","1971.000000","R1A",880100,"003",371342.233533,"01606117000",504800,375300,"2009-05-28T00:00:00","{ ""2009"": { ""zone"": ""R1A"", ""total_value"": 880100, ""tax_district"": ""003"", ""bldg_value"": 504800, ""land_value"": 375300, ""land_use_code"": ""SCHOOL"", ""lci"": ""Com"" }, ""2006"": { ""zone"": ""R1A"", ""total_value"": 880100, ""tax_district"": ""003"", ""bldg_value"": 504800, ""land_value"": 375300, ""land_use_code"": ""SCHOOL"", ""lci"": ""Com"" }, ""2012"": { ""zone"": ""R1A"", ""total_value"": 880100, ""tax_district"": ""003"", ""bldg_value"": 504800, ""land_value"": 375300, ""land_use_code"": ""SCHOOL"", ""lci"": ""Com"" } }","2014","SCHOOL","Com"
"53538","1980.000000","PLI",0,"003",396743.686513,"01616202000",0,0,NA,"{ ""2009"": { ""zone"": ""PLI"", ""total_value"": 0, ""tax_district"": ""003"", ""bldg_value"": 0, ""land_value"": 0, ""land_use_code"": ""SCHOOL"", ""lci"": ""Com"" }, ""2006"": { ""zone"": ""PLI"", ""total_value"": 0, ""tax_district"": ""003"", ""bldg_value"": 0, ""land_value"": 0, ""land_use_code"": ""SCHOOL"", ""lci"": ""Com"" }, ""2012"": { ""zone"": ""PLI"", ""total_value"": 0, ""tax_district"": ""003"", ""bldg_value"": 0, ""land_value"": 0, ""land_use_code"": ""SCHOOL"", ""lci"": ""Com"" } }","2014","SCHOOL","Com"
"53745","1980.000000","PLI",0,"003",854672.331239,"01617281000",0,0,"1990-12-10T00:00:00","{ ""2009"": { ""zone"": ""PLI"", ""total_value"": 0, ""tax_district"": ""003"", ""bldg_value"": 0, ""land_value"": 0, ""land_use_code"": ""SCHOOL"", ""lci"": ""Com"" }, ""2006"": { ""zone"": ""PLI"", ""total_value"": 0, ""tax_district"": ""003"", ""bldg_value"": 0, ""land_value"": 0, ""land_use_code"": ""SCHOOL"", ""lci"": ""Com"" }, ""2012"": { ""zone"": ""PLI"", ""total_value"": 0, ""tax_district"": ""003"", ""bldg_value"": 0, ""land_value"": 0, ""land_use_code"": ""SCHOOL"", ""lci"": ""Com"" } }","2014","SCHOOL","Com"
"54220","1976.000000","R1A",0,"003",30430.658035,"01621137000",0,0,"1999-06-25T00:00:00","{ ""2009"": { ""zone"": ""R1A"", ""total_value"": 0, ""tax_district"": ""003"", ""bldg_value"": 0, ""land_value"": 0, ""land_use_code"": ""SCHOOL"", ""lci"": ""Com"" }, ""2006"": { ""zone"": ""R1A"", ""total_value"": 0, ""tax_district"": ""003"", ""bldg_value"": 0, ""land_value"": 0, ""land_use_code"": ""SCHOOL"", ""lci"": ""Com"" }, ""2012"": { ""zone"": ""R1A"", ""total_value"": 0, ""tax_district"": ""003"", ""bldg_value"": 0, ""land_value"": 0, ""land_use_code"": ""SCHOOL"", ""lci"": ""Com"" } }","2014","SCHOOL","Com"
"54983","1979.000000","B3SL",2138200,"003",58164.139836,"01625135000",868200,1270000,"2013-02-13T00:00:00","{ ""2009"": { ""zone"": ""B3SL"", ""total_value"": 2138200, ""tax_district"": ""003"", ""bldg_value"": 868200, ""land_value"": 1270000, ""land_use_code"": ""DAY CARE CENTER"", ""lci"": ""Com"" }, ""2006"": { ""zone"": ""B3SL"", ""total_value"": 2138200, ""tax_district"": ""003"", ""bldg_value"": 868200, ""land_value"": 1270000, ""land_use_code"": ""DAY CARE CENTER"", ""lci"": ""Com"" }, ""2012"": { ""zone"": ""B3SL"", ""total_value"": 2138200, ""tax_district"": ""003"", ""bldg_value"": 868200, ""land_value"": 1270000, ""land_use_code"": ""DAY CARE CENTER"", ""lci"": ""Com"" } }","2014","DAY CARE CENTER","Com"
"55185","1984.000000","R3",921200,"003",47439.559431,"01626185000",664400,256800,"2013-02-13T00:00:00","{ ""2009"": { ""zone"": ""R3"", ""total_value"": 921200, ""tax_district"": ""003"", ""bldg_value"": 664400, ""land_value"": 256800, ""land_use_code"": ""DAY CARE CENTER"", ""lci"": ""Com"" }, ""2006"": { ""zone"": ""R3"", ""total_value"": 921200, ""tax_district"": ""003"", ""bldg_value"": 664400, ""land_value"": 256800, ""land_use_code"": ""DAY CARE CENTER"", ""lci"": ""Com"" }, ""2012"": { ""zone"": ""R3"", ""total_value"": 921200, ""tax_district"": ""003"", ""bldg_value"": 664400, ""land_value"": 256800, ""land_use_code"": ""DAY CARE CENTER"", ""lci"": ""Com"" } }","2014","DAY CARE CENTER","Com"
"56868","1985.000000","PLI",0,"002",1385626.601978,"01721127000",0,0,NA,"{ ""2009"": { ""zone"": ""PLI"", ""total_value"": 0, ""tax_district"": ""002"", ""bldg_value"": 0, ""land_value"": 0, ""land_use_code"": ""SCHOOL"", ""lci"": ""Com"" }, ""2006"": { ""zone"": ""PLI"", ""total_value"": 0, ""tax_district"": ""002"", ""bldg_value"": 0, ""land_value"": 0, ""land_use_code"": ""SCHOOL"", ""lci"": ""Com"" }, ""2012"": { ""zone"": ""PLI"", ""total_value"": 0, ""tax_district"": ""002"", ""bldg_value"": 0, ""land_value"": 0, ""land_use_code"": ""SCHOOL"", ""lci"": ""Com"" } }","2014","SCHOOL","Com"
"58751","1985.000000","RO",791000,"003",58425.614209,"01807210000",453900,337100,"2009-05-29T00:00:00","{ ""2009"": { ""zone"": ""RO"", ""total_value"": 791000, ""tax_district"": ""003"", ""bldg_value"": 453900, ""land_value"": 337100, ""land_use_code"": ""DAY CARE CENTER"", ""lci"": ""Com"" }, ""2006"": { ""zone"": ""RO"", ""total_value"": 791000, ""tax_district"": ""003"", ""bldg_value"": 453900, ""land_value"": 337100, ""land_use_code"": ""DAY CARE CENTER"", ""lci"": ""Com"" }, ""2012"": { ""zone"": ""RO"", ""total_value"": 791000, ""tax_district"": ""003"", ""bldg_value"": 453900, ""land_value"": 337100, ""land_use_code"": ""DAY CARE CENTER"", ""lci"": ""Com"" } }","2014","DAY CARE CENTER","Com"
"59668","1980.000000","PLI",0,"003",378096.846591,"01816101000",0,0,NA,"{ ""2009"": { ""zone"": ""PLI"", ""total_value"": 0, ""tax_district"": ""003"", ""bldg_value"": 0, ""land_value"": 0, ""land_use_code"": ""SCHOOL"", ""lci"": ""Com"" }, ""2006"": { ""zone"": ""PLI"", ""total_value"": 0, ""tax_district"": ""003"", ""bldg_value"": 0, ""land_value"": 0, ""land_use_code"": ""SCHOOL"", ""lci"": ""Com"" }, ""2012"": { ""zone"": ""PLI"", ""total_value"": 0, ""tax_district"": ""003"", ""bldg_value"": 0, ""land_value"": 0, ""land_use_code"": ""SCHOOL"", ""lci"": ""Com"" } }","2014","SCHOOL","Com"
"61419","2004.000000","PLISL",0,"003",2175127.334931,"01841175000",0,0,"1986-12-08T00:00:00","{ ""2009"": { ""zone"": ""PLISL"", ""total_value"": 0, ""tax_district"": ""003"", ""bldg_value"": 0, ""land_value"": 0, ""land_use_code"": ""SCHOOL"", ""lci"": ""Com"" }, ""2006"": { ""zone"": ""PLISL"", ""total_value"": 0, ""tax_district"": ""003"", ""bldg_value"": 0, ""land_value"": 0, ""land_use_code"": ""SCHOOL"", ""lci"": ""Com"" }, ""2012"": { ""zone"": ""PLISL"", ""total_value"": 0, ""tax_district"": ""003"", ""bldg_value"": 0, ""land_value"": 0, ""land_use_code"": ""SCHOOL"", ""lci"": ""Com"" } }","2014","SCHOOL","Com"
"61821","1980.000000","PLI",0,"003",435417.31622,"01911202000",0,0,NA,"{ ""2009"": { ""zone"": ""PLI"", ""total_value"": 0, ""tax_district"": ""003"", ""bldg_value"": 0, ""land_value"": 0, ""land_use_code"": ""SCHOOL"", ""lci"": ""Com"" }, ""2006"": { ""zone"": ""PLI"", ""total_value"": 0, ""tax_district"": ""003"", ""bldg_value"": 0, ""land_value"": 0, ""land_use_code"": ""SCHOOL"", ""lci"": ""Com"" }, ""2012"": { ""zone"": ""PLI"", ""total_value"": 0, ""tax_district"": ""003"", ""bldg_value"": 0, ""land_value"": 0, ""land_use_code"": ""SCHOOL"", ""lci"": ""Com"" } }","2014","SCHOOL","Com"
"64196","1997.000000","PLI",0,"031",1504373.361349,"02047201000",0,0,"1987-06-30T00:00:00","{ ""2009"": { ""zone"": ""PLI"", ""total_value"": 0, ""tax_district"": ""031"", ""bldg_value"": 0, ""land_value"": 0, ""land_use_code"": ""SCHOOL"", ""lci"": ""Com"" }, ""2006"": { ""zone"": ""PLI"", ""total_value"": 0, ""tax_district"": ""031"", ""bldg_value"": 0, ""land_value"": 0, ""land_use_code"": ""SCHOOL"", ""lci"": ""Com"" }, ""2012"": { ""zone"": ""PLI"", ""total_value"": 0, ""tax_district"": ""031"", ""bldg_value"": 0, ""land_value"": 0, ""land_use_code"": ""SCHOOL"", ""lci"": ""Com"" } }","2014","SCHOOL","Com"
"66507","1984.000000","ROSL",542500,"010",28337.319784,"05010108000",338300,204200,"2013-02-13T00:00:00","{ ""2009"": { ""zone"": ""ROSL"", ""total_value"": 542500, ""tax_district"": ""010"", ""bldg_value"": 338300, ""land_value"": 204200, ""land_use_code"": ""DAY CARE CENTER"", ""lci"": ""Com"" }, ""2006"": { ""zone"": ""ROSL"", ""total_value"": 542500, ""tax_district"": ""010"", ""bldg_value"": 338300, ""land_value"": 204200, ""land_use_code"": ""DAY CARE CENTER"", ""lci"": ""Com"" }, ""2012"": { ""zone"": ""ROSL"", ""total_value"": 542500, ""tax_district"": ""010"", ""bldg_value"": 338300, ""land_value"": 204200, ""land_use_code"": ""DAY CARE CENTER"", ""lci"": ""Com"" } }","2014","DAY CARE CENTER","Com"
"67473","1970.000000","PLI",0,"010",377286.739233,"05017106000",0,0,"1988-12-13T00:00:00","{ ""2009"": { ""zone"": ""PLI"", ""total_value"": 0, ""tax_district"": ""010"", ""bldg_value"": 0, ""land_value"": 0, ""land_use_code"": ""SCHOOL"", ""lci"": ""Com"" }, ""2006"": { ""zone"": ""PLI"", ""total_value"": 0, ""tax_district"": ""010"", ""bldg_value"": 0, ""land_value"": 0, ""land_use_code"": ""SCHOOL"", ""lci"": ""Com"" }, ""2012"": { ""zone"": ""PLI"", ""total_value"": 0, ""tax_district"": ""010"", ""bldg_value"": 0, ""land_value"": 0, ""land_use_code"": ""SCHOOL"", ""lci"": ""Com"" } }","2014","SCHOOL","Com"
"67529","1984.000000","I1",2531900,"010",97770.578709,"05017417000",2018700,513200,"2004-11-29T00:00:00","{ ""2009"": { ""zone"": ""I1"", ""total_value"": 2531900, ""tax_district"": ""010"", ""bldg_value"": 2018700, ""land_value"": 513200, ""land_use_code"": ""SCHOOL"", ""lci"": ""Com"" }, ""2006"": { ""zone"": ""I1"", ""total_value"": 2531900, ""tax_district"": ""010"", ""bldg_value"": 2018700, ""land_value"": 513200, ""land_use_code"": ""SCHOOL"", ""lci"": ""Com"" }, ""2012"": { ""zone"": ""I1"", ""total_value"": 2531900, ""tax_district"": ""010"", ""bldg_value"": 2018700, ""land_value"": 513200, ""land_use_code"": ""SCHOOL"", ""lci"": ""Com"" } }","2014","SCHOOL","Com"
"68335","1970.000000","PLI",0,"050",347151.588087,"05023201000",0,0,NA,"{ ""2009"": { ""zone"": ""PLI"", ""total_value"": 0, ""tax_district"": ""050"", ""bldg_value"": 0, ""land_value"": 0, ""land_use_code"": ""SCHOOL"", ""lci"": ""Com"" }, ""2006"": { ""zone"": ""PLI"", ""total_value"": 0, ""tax_district"": ""050"", ""bldg_value"": 0, ""land_value"": 0, ""land_use_code"": ""SCHOOL"", ""lci"": ""Com"" }, ""2012"": { ""zone"": ""PLI"", ""total_value"": 0, ""tax_district"": ""050"", ""bldg_value"": 0, ""land_value"": 0, ""land_use_code"": ""SCHOOL"", ""lci"": ""Com"" } }","2014","SCHOOL","Com"
"71373","1984.000000","PLI",0,"050",875186.206139,"05087301000",0,0,NA,"{ ""2009"": { ""zone"": ""PLI"", ""total_value"": 0, ""tax_district"": ""050"", ""bldg_value"": 0, ""land_value"": 0, ""land_use_code"": ""SCHOOL"", ""lci"": ""Com"" }, ""2006"": { ""zone"": ""PLI"", ""total_value"": 0, ""tax_district"": ""050"", ""bldg_value"": 0, ""land_value"": 0, ""land_use_code"": ""SCHOOL"", ""lci"": ""Com"" }, ""2012"": { ""zone"": ""PLI"", ""total_value"": 0, ""tax_district"": ""050"", ""bldg_value"": 0, ""land_value"": 0, ""land_use_code"": ""SCHOOL"", ""lci"": ""Com"" } }","2014","SCHOOL","Com"
"72195","1997.000000","PLI",0,"022",1456600.345125,"05101137000",0,0,"1994-07-12T00:00:00","{ ""2009"": { ""zone"": ""PLI"", ""total_value"": 0, ""tax_district"": ""022"", ""bldg_value"": 0, ""land_value"": 0, ""land_use_code"": ""SCHOOL"", ""lci"": ""Com"" }, ""2006"": { ""zone"": ""PLI"", ""total_value"": 0, ""tax_district"": ""022"", ""bldg_value"": 0, ""land_value"": 0, ""land_use_code"": ""SCHOOL"", ""lci"": ""Com"" }, ""2012"": { ""zone"": ""PLI"", ""total_value"": 0, ""tax_district"": ""022"", ""bldg_value"": 0, ""land_value"": 0, ""land_use_code"": ""SCHOOL"", ""lci"": ""Com"" } }","2014","SCHOOL","Com"
"73753","1980.000000","PLI",0,"022",928817.577288,"05114222000",0,0,NA,"{ ""2009"": { ""zone"": ""PLI"", ""total_value"": 0, ""tax_district"": ""022"", ""bldg_value"": 0, ""land_value"": 0, ""land_use_code"": ""SCHOOL"", ""lci"": ""Com"" }, ""2006"": { ""zone"": ""PLI"", ""total_value"": 0, ""tax_district"": ""022"", ""bldg_value"": 0, ""land_value"": 0, ""land_use_code"": ""SCHOOL"", ""lci"": ""Com"" }, ""2012"": { ""zone"": ""PLI"", ""total_value"": 0, ""tax_district"": ""022"", ""bldg_value"": 0, ""land_value"": 0, ""land_use_code"": ""SCHOOL"", ""lci"": ""Com"" } }","2014","SCHOOL","Com"
"74532","1950.000000","PLI",0,"022",213453.893021,"05122202000",0,0,"1984-09-14T00:00:00","{ ""2009"": { ""zone"": ""PLI"", ""total_value"": 0, ""tax_district"": ""022"", ""bldg_value"": 0, ""land_value"": 0, ""land_use_code"": ""SCHOOL"", ""lci"": ""Com"" }, ""2006"": { ""zone"": ""PLI"", ""total_value"": 0, ""tax_district"": ""022"", ""bldg_value"": 0, ""land_value"": 0, ""land_use_code"": ""SCHOOL"", ""lci"": ""Com"" }, ""2012"": { ""zone"": ""PLI"", ""total_value"": 0, ""tax_district"": ""022"", ""bldg_value"": 0, ""land_value"": 0, ""land_use_code"": ""SCHOOL"", ""lci"": ""Com"" } }","2014","SCHOOL","Com"
"74533","1960.000000","PLI",0,"022",290861.567139,"05122203000",0,0,"1984-09-14T00:00:00","{ ""2009"": { ""zone"": ""PLI"", ""total_value"": 0, ""tax_district"": ""022"", ""bldg_value"": 0, ""land_value"": 0, ""land_use_code"": ""SCHOOL"", ""lci"": ""Com"" }, ""2006"": { ""zone"": ""PLI"", ""total_value"": 0, ""tax_district"": ""022"", ""bldg_value"": 0, ""land_value"": 0, ""land_use_code"": ""SCHOOL"", ""lci"": ""Com"" }, ""2012"": { ""zone"": ""PLI"", ""total_value"": 0, ""tax_district"": ""022"", ""bldg_value"": 0, ""land_value"": 0, ""land_use_code"": ""SCHOOL"", ""lci"": ""Com"" } }","2014","SCHOOL","Com"
"74824",NA,"PLI",0,"022",748567.109609,"05127117000",0,0,NA,"{ ""2009"": { ""zone"": ""PLI"", ""total_value"": 0, ""tax_district"": ""022"", ""bldg_value"": 0, ""land_value"": 0, ""land_use_code"": ""SCHOOL"", ""lci"": ""Res"" }, ""2006"": { ""zone"": ""PLI"", ""total_value"": 0, ""tax_district"": ""022"", ""bldg_value"": 0, ""land_value"": 0, ""land_use_code"": ""SCHOOL"", ""lci"": ""Res"" }, ""2012"": { ""zone"": ""PLI"", ""total_value"": 0, ""tax_district"": ""022"", ""bldg_value"": 0, ""land_value"": 0, ""land_use_code"": ""SCHOOL"", ""lci"": ""Res"" } }","2014","SCHOOL","Res"
"75134",NA,"PLI",0,"022",167805.335025,"05129432000",0,0,NA,"{ ""2009"": { ""zone"": ""PLI"", ""total_value"": 0, ""tax_district"": ""022"", ""bldg_value"": 0, ""land_value"": 0, ""land_use_code"": ""SCHOOL"", ""lci"": ""Com"" }, ""2006"": { ""zone"": ""PLI"", ""total_value"": 0, ""tax_district"": ""022"", ""bldg_value"": 0, ""land_value"": 0, ""land_use_code"": ""SCHOOL"", ""lci"": ""Com"" }, ""2012"": { ""zone"": ""PLI"", ""total_value"": 0, ""tax_district"": ""022"", ""bldg_value"": 0, ""land_value"": 0, ""land_use_code"": ""SCHOOL"", ""lci"": ""Com"" } }","2014","SCHOOL","Com"
"78146","1985.000000","PLI",0,"050",947183.217118,"06708122000",0,0,"1994-02-01T00:00:00","{ ""2009"": { ""zone"": ""PLI"", ""total_value"": 0, ""tax_district"": ""050"", ""bldg_value"": 0, ""land_value"": 0, ""land_use_code"": ""SCHOOL"", ""lci"": ""Com"" }, ""2006"": { ""zone"": ""PLI"", ""total_value"": 0, ""tax_district"": ""050"", ""bldg_value"": 0, ""land_value"": 0, ""land_use_code"": ""SCHOOL"", ""lci"": ""Com"" }, ""2012"": { ""zone"": ""PLI"", ""total_value"": 0, ""tax_district"": ""050"", ""bldg_value"": 0, ""land_value"": 0, ""land_use_code"": ""SCHOOL"", ""lci"": ""Com"" } }","2014","SCHOOL","Com"
"78987","1970.000000","GIP",0,"004",363591.160865,"07503139000",0,0,"1995-05-16T00:00:00","{ ""2009"": { ""zone"": ""GIP"", ""total_value"": 0, ""tax_district"": ""004"", ""bldg_value"": 0, ""land_value"": 0, ""land_use_code"": ""SCHOOL"", ""lci"": ""Com"" }, ""2006"": { ""zone"": ""GIP"", ""total_value"": 0, ""tax_district"": ""004"", ""bldg_value"": 0, ""land_value"": 0, ""land_use_code"": ""SCHOOL"", ""lci"": ""Com"" }, ""2012"": { ""zone"": ""GIP"", ""total_value"": 0, ""tax_district"": ""004"", ""bldg_value"": 0, ""land_value"": 0, ""land_use_code"": ""SCHOOL"", ""lci"": ""Com"" } }","2014","SCHOOL","Com"
"80958",NA,"GIP",0,"004",1224002.725343,"07503148000",0,0,"1995-05-16T00:00:00","{ ""2009"": { ""zone"": ""GIP"", ""total_value"": 0, ""tax_district"": ""004"", ""bldg_value"": 0, ""land_value"": 0, ""land_use_code"": ""SCHOOL"", ""lci"": ""Res"" }, ""2006"": { ""zone"": ""GIP"", ""total_value"": 0, ""tax_district"": ""004"", ""bldg_value"": 0, ""land_value"": 0, ""land_use_code"": ""SCHOOL"", ""lci"": ""Res"" }, ""2012"": { ""zone"": ""GIP"", ""total_value"": 0, ""tax_district"": ""004"", ""bldg_value"": 0, ""land_value"": 0, ""land_use_code"": ""SCHOOL"", ""lci"": ""Res"" } }","2014","SCHOOL","Res"
"80987","1980.000000","PLI",0,"003",446893.181257,"01402239000",0,0,"1996-12-31T00:00:00","{ ""2009"": { ""zone"": ""PLI"", ""total_value"": 0, ""tax_district"": ""003"", ""bldg_value"": 0, ""land_value"": 0, ""land_use_code"": ""SCHOOL"", ""lci"": ""Com"" }, ""2006"": { ""zone"": ""PLI"", ""total_value"": 0, ""tax_district"": ""003"", ""bldg_value"": 0, ""land_value"": 0, ""land_use_code"": ""SCHOOL"", ""lci"": ""Com"" }, ""2012"": { ""zone"": ""PLI"", ""total_value"": 0, ""tax_district"": ""003"", ""bldg_value"": 0, ""land_value"": 0, ""land_use_code"": ""SCHOOL"", ""lci"": ""Com"" } }","2014","SCHOOL","Com"
"80999","1967.000000","R1",0,"003",464563.070705,"00919324000",0,0,"1999-12-27T00:00:00","{ ""2009"": { ""zone"": ""R1"", ""total_value"": 0, ""tax_district"": ""003"", ""bldg_value"": 0, ""land_value"": 0, ""land_use_code"": ""SCHOOL"", ""lci"": ""Com"" }, ""2006"": { ""zone"": ""R1"", ""total_value"": 0, ""tax_district"": ""003"", ""bldg_value"": 0, ""land_value"": 0, ""land_use_code"": ""SCHOOL"", ""lci"": ""Com"" }, ""2012"": { ""zone"": ""R1"", ""total_value"": 0, ""tax_district"": ""003"", ""bldg_value"": 0, ""land_value"": 0, ""land_use_code"": ""SCHOOL"", ""lci"": ""Com"" } }","2014","SCHOOL","Com"
"81005","1995.000000","I1",0,"003",426468.180628,"01403242000",0,0,"1996-08-21T00:00:00","{ ""2009"": { ""zone"": ""I1"", ""total_value"": 0, ""tax_district"": ""003"", ""bldg_value"": 0, ""land_value"": 0, ""land_use_code"": ""SCHOOL"", ""lci"": ""Com"" }, ""2006"": { ""zone"": ""I1"", ""total_value"": 0, ""tax_district"": ""003"", ""bldg_value"": 0, ""land_value"": 0, ""land_use_code"": ""SCHOOL"", ""lci"": ""Com"" }, ""2012"": { ""zone"": ""I1"", ""total_value"": 0, ""tax_district"": ""003"", ""bldg_value"": 0, ""land_value"": 0, ""land_use_code"": ""SCHOOL"", ""lci"": ""Com"" } }","2014","SCHOOL","Com"
"81043",NA,"PLI",0,"022",1254535.607591,"05136142000",0,0,NA,"{ ""2009"": { ""zone"": ""PLI"", ""total_value"": 0, ""tax_district"": ""022"", ""bldg_value"": 0, ""land_value"": 0, ""land_use_code"": ""SCHOOL"", ""lci"": ""Com"" }, ""2006"": { ""zone"": ""PLI"", ""total_value"": 0, ""tax_district"": ""022"", ""bldg_value"": 0, ""land_value"": 0, ""land_use_code"": ""SCHOOL"", ""lci"": ""Com"" }, ""2012"": { ""zone"": ""PLI"", ""total_value"": 0, ""tax_district"": ""022"", ""bldg_value"": 0, ""land_value"": 0, ""land_use_code"": ""SCHOOL"", ""lci"": ""Com"" } }","2014","SCHOOL","Com"
"81051","2007.000000","PLI",0,"003",1326847.244942,"00618229000",0,0,"2003-01-17T00:00:00","{ ""2009"": { ""zone"": ""PLI"", ""total_value"": 0, ""tax_district"": ""003"", ""bldg_value"": 0, ""land_value"": 0, ""land_use_code"": ""SCHOOL"", ""lci"": ""Com"" }, ""2006"": { ""zone"": ""PLI"", ""total_value"": 0, ""tax_district"": ""003"", ""bldg_value"": 0, ""land_value"": 0, ""land_use_code"": ""SCHOOL"", ""lci"": ""Com"" }, ""2012"": { ""zone"": ""PLI"", ""total_value"": 0, ""tax_district"": ""003"", ""bldg_value"": 0, ""land_value"": 0, ""land_use_code"": ""SCHOOL"", ""lci"": ""Com"" } }","2014","SCHOOL","Com"
"81285","1961.000000","PLI",0,"001",604326.193756,"00215330000",0,0,NA,"{ ""2009"": { ""zone"": ""PLI"", ""total_value"": 0, ""tax_district"": ""001"", ""bldg_value"": 0, ""land_value"": 0, ""land_use_code"": ""SCHOOL"", ""lci"": ""Com"" }, ""2006"": { ""zone"": ""PLI"", ""total_value"": 0, ""tax_district"": ""001"", ""bldg_value"": 0, ""land_value"": 0, ""land_use_code"": ""SCHOOL"", ""lci"": ""Com"" }, ""2012"": { ""zone"": ""PLI"", ""total_value"": 0, ""tax_district"": ""001"", ""bldg_value"": 0, ""land_value"": 0, ""land_use_code"": ""SCHOOL"", ""lci"": ""Com"" } }","2014","SCHOOL","Com"
"81345","1992.000000","R3SL",0,"003",758717.041462,"01624454000",0,0,"2006-10-26T00:00:00","{ ""2009"": { ""zone"": ""R3SL"", ""total_value"": 0, ""tax_district"": ""003"", ""bldg_value"": 0, ""land_value"": 0, ""land_use_code"": ""SCHOOL"", ""lci"": ""Com"" }, ""2006"": { ""zone"": ""R3SL"", ""total_value"": 0, ""tax_district"": ""003"", ""bldg_value"": 0, ""land_value"": 0, ""land_use_code"": ""SCHOOL"", ""lci"": ""Com"" }, ""2012"": { ""zone"": ""R3SL"", ""total_value"": 0, ""tax_district"": ""003"", ""bldg_value"": 0, ""land_value"": 0, ""land_use_code"": ""SCHOOL"", ""lci"": ""Com"" } }","2014","SCHOOL","Com"
"81397","1956.000000","PLI",0,"001",312686.649542,"00108352000",0,0,NA,"{ ""2009"": { ""zone"": ""PLI"", ""total_value"": 0, ""tax_district"": ""001"", ""bldg_value"": 0, ""land_value"": 0, ""land_use_code"": ""SCHOOL"", ""lci"": ""Com"" }, ""2006"": { ""zone"": ""PLI"", ""total_value"": 0, ""tax_district"": ""001"", ""bldg_value"": 0, ""land_value"": 0, ""land_use_code"": ""SCHOOL"", ""lci"": ""Com"" }, ""2012"": { ""zone"": ""PLI"", ""total_value"": 0, ""tax_district"": ""001"", ""bldg_value"": 0, ""land_value"": 0, ""land_use_code"": ""SCHOOL"", ""lci"": ""Com"" } }","2014","SCHOOL","Com"
"81408","1983.000000","PLI",0,"010",677371.206885,"06731108000",0,0,NA,"{ ""2009"": { ""zone"": ""PLI"", ""total_value"": 0, ""tax_district"": ""010"", ""bldg_value"": 0, ""land_value"": 0, ""land_use_code"": ""SCHOOL"", ""lci"": ""Com"" }, ""2006"": { ""zone"": ""PLI"", ""total_value"": 0, ""tax_district"": ""010"", ""bldg_value"": 0, ""land_value"": 0, ""land_use_code"": ""SCHOOL"", ""lci"": ""Com"" }, ""2012"": { ""zone"": ""PLI"", ""total_value"": 0, ""tax_district"": ""010"", ""bldg_value"": 0, ""land_value"": 0, ""land_use_code"": ""SCHOOL"", ""lci"": ""Com"" } }","2014","SCHOOL","Com"
"81484","2000.000000","PLI",0,"001",747717.31862,"00402102000",0,0,"1995-05-16T00:00:00","{ ""2009"": { ""zone"": ""PLI"", ""total_value"": 0, ""tax_district"": ""001"", ""bldg_value"": 0, ""land_value"": 0, ""land_use_code"": ""SCHOOL"", ""lci"": ""Com"" }, ""2006"": { ""zone"": ""PLI"", ""total_value"": 0, ""tax_district"": ""001"", ""bldg_value"": 0, ""land_value"": 0, ""land_use_code"": ""SCHOOL"", ""lci"": ""Com"" }, ""2012"": { ""zone"": ""PLI"", ""total_value"": 0, ""tax_district"": ""001"", ""bldg_value"": 0, ""land_value"": 0, ""land_use_code"": ""SCHOOL"", ""lci"": ""Com"" } }","2014","SCHOOL","Com"
"81554","1965.000000","PLI",0,"022",2582788.267183,"05127116000",0,0,NA,"{ ""2009"": { ""zone"": ""PLI"", ""total_value"": 0, ""tax_district"": ""022"", ""bldg_value"": 0, ""land_value"": 0, ""land_use_code"": ""SCHOOL"", ""lci"": ""Com"" }, ""2006"": { ""zone"": ""PLI"", ""total_value"": 0, ""tax_district"": ""022"", ""bldg_value"": 0, ""land_value"": 0, ""land_use_code"": ""SCHOOL"", ""lci"": ""Com"" }, ""2012"": { ""zone"": ""PLI"", ""total_value"": 0, ""tax_district"": ""022"", ""bldg_value"": 0, ""land_value"": 0, ""land_use_code"": ""SCHOOL"", ""lci"": ""Com"" } }","2014","SCHOOL","Com"
"81574","1963.000000","PLI",0,"001",1945642.312526,"00124202000",0,0,NA,"{ ""2009"": { ""zone"": ""PLI"", ""total_value"": 0, ""tax_district"": ""001"", ""bldg_value"": 0, ""land_value"": 0, ""land_use_code"": ""SCHOOL"", ""lci"": ""Com"" }, ""2006"": { ""zone"": ""PLI"", ""total_value"": 0, ""tax_district"": ""001"", ""bldg_value"": 0, ""land_value"": 0, ""land_use_code"": ""SCHOOL"", ""lci"": ""Com"" }, ""2012"": { ""zone"": ""PLI"", ""total_value"": 0, ""tax_district"": ""001"", ""bldg_value"": 0, ""land_value"": 0, ""land_use_code"": ""SCHOOL"", ""lci"": ""Com"" } }","2014","SCHOOL","Com"
"81597","1999.000000","B3",7428223,"001",324677.00395,"00323232000",3069200,4420100,NA,"{ ""2009"": { ""zone"": ""B3"", ""total_value"": 7428223, ""tax_district"": ""001"", ""bldg_value"": 3069200, ""land_value"": 4420100, ""land_use_code"": ""DAY CARE CENTER"", ""lci"": ""Com"" }, ""2006"": { ""zone"": ""B3"", ""total_value"": 7428223, ""tax_district"": ""001"", ""bldg_value"": 3069200, ""land_value"": 4420100, ""land_use_code"": ""DAY CARE CENTER"", ""lci"": ""Com"" }, ""2012"": { ""zone"": ""B3"", ""total_value"": 7428223, ""tax_district"": ""001"", ""bldg_value"": 3069200, ""land_value"": 4420100, ""land_use_code"": ""DAY CARE CENTER"", ""lci"": ""Com"" } }","2014","DAY CARE CENTER","Com"
"81630","2008.000000","I1",0,"001",1133622.252727,"00405124000",0,0,NA,"{ ""2009"": { ""zone"": ""I1"", ""total_value"": 0, ""tax_district"": ""001"", ""bldg_value"": 0, ""land_value"": 0, ""land_use_code"": ""SCHOOL"", ""lci"": ""Com"" }, ""2006"": { ""zone"": ""I1"", ""total_value"": 0, ""tax_district"": ""001"", ""bldg_value"": 0, ""land_value"": 0, ""land_use_code"": ""SCHOOL"", ""lci"": ""Com"" }, ""2012"": { ""zone"": ""I1"", ""total_value"": 0, ""tax_district"": ""001"", ""bldg_value"": 0, ""land_value"": 0, ""land_use_code"": ""SCHOOL"", ""lci"": ""Com"" } }","2014","SCHOOL","Com"
"81683","1985.000000","PLI",0,"003",1276373.076318,"01253174000",0,0,"1984-08-18T00:00:00","{ ""2009"": { ""zone"": ""PLI"", ""total_value"": 0, ""tax_district"": ""003"", ""bldg_value"": 0, ""land_value"": 0, ""land_use_code"": ""SCHOOL"", ""lci"": ""Com"" }, ""2006"": { ""zone"": ""PLI"", ""total_value"": 0, ""tax_district"": ""003"", ""bldg_value"": 0, ""land_value"": 0, ""land_use_code"": ""SCHOOL"", ""lci"": ""Com"" }, ""2012"": { ""zone"": ""PLI"", ""total_value"": 0, ""tax_district"": ""003"", ""bldg_value"": 0, ""land_value"": 0, ""land_use_code"": ""SCHOOL"", ""lci"": ""Com"" } }","2014","SCHOOL","Com"
